N,P,K,pH,Temp(°C),Humidity(%),Moisture(%),Rainfall(cm),Crop,,,,,,,,,,,,,,,
146,44,26,6.2,31,76,81,124,Aman Rice,,,,,,,,,,,,,,,
229,35,31,6.1,22,73.3,72,137,Aman Rice,,,,,,,,,,,,,,,
281,26,35,6,32,79.5,86,124,Aman Rice,,,,,,,,,,,,,,,
161,23,42,6.2,36,71.8,86,145,Aman Rice,,,,,,,,,,,,,,,
155,45,34,6.3,22,73,71,144,Aman Rice,,,,,,,,,,,,,,,
256,38,53,6.2,27,77.7,85,124,Aman Rice,,,,,,,,,,,,,,,
326,31,72,6.4,36,73.2,85,141,Aman Rice,,,,,,,,,,,,,,,
163,30,94,6.1,22,77.4,88,145,Aman Rice,,,,,,,,,,,,,,,
152,44,31,6.1,31,76.2,75,126,Aman Rice,,,,,,,,,,,,,,,
247,37,46,6.3,37,76.4,72,131,Aman Rice,,,,,,,,,,,,,,,
311,29,60,6.4,29,76,78,139,Aman Rice,,,,,,,,,,,,,,,
158,27,77,6.1,24,71.8,74,119,Aman Rice,,,,,,,,,,,,,,,
149,44,29,6.3,33,71.2,88,120,Aman Rice,,,,,,,,,,,,,,,
238,35,38,6.2,22,74.4,79,128,Aman Rice,,,,,,,,,,,,,,,
296,26,47,6.3,39,77.3,75,150,Aman Rice,,,,,,,,,,,,,,,
154,23,74,6,40,78.1,74,135,Aman Rice,,,,,,,,,,,,,,,
155,45,30,6,26,75.5,76,148,Aman Rice,,,,,,,,,,,,,,,
256,40,43,6.2,36,77.5,82,138,Aman Rice,,,,,,,,,,,,,,,
326,34,55,6,20,75.3,80,132,Aman Rice,,,,,,,,,,,,,,,
162,34,70,6.3,21,80,73,139,Aman Rice,,,,,,,,,,,,,,,
151,45,28,6.2,22,79.6,84,148,Aman Rice,,,,,,,,,,,,,,,
244,38,37,6,20,75.1,77,119,Aman Rice,,,,,,,,,,,,,,,
306,31,45,6,35,80.3,74,141,Aman Rice,,,,,,,,,,,,,,,
160,30,57,6.3,26,73.9,72,122,Aman Rice,,,,,,,,,,,,,,,
152,45,30,6.1,32,77.3,87,112,Aman Rice,,,,,,,,,,,,,,,
245,38,43,6.1,36,79.8,79,116,Aman Rice,,,,,,,,,,,,,,,
308,31,55,6.3,39,76.7,77,127,Aman Rice,,,,,,,,,,,,,,,
173,30,70,6.1,28,73.7,70,128,Aman Rice,,,,,,,,,,,,,,,
148,44,28,6.1,19,73,77,122,Aman Rice,,,,,,,,,,,,,,,
235,37,35,6.1,32,78,82,131,Aman Rice,,,,,,,,,,,,,,,
291,29,42,6.3,28,80.1,85,143,Aman Rice,,,,,,,,,,,,,,,
164,27,52,6.2,26,80.7,87,144,Aman Rice,,,,,,,,,,,,,,,
146,44,26,6.1,33,75.6,73,128,Aman Rice,,,,,,,,,,,,,,,
229,35,31,6.2,26,75.6,74,118,Aman Rice,,,,,,,,,,,,,,,
281,26,35,6.3,31,80.7,79,149,Aman Rice,,,,,,,,,,,,,,,
156,23,42,6.4,24,79,90,145,Aman Rice,,,,,,,,,,,,,,,
155,45,34,6,29,72.4,75,130,Aman Rice,,,,,,,,,,,,,,,
256,38,53,6.3,21,76.9,89,125,Aman Rice,,,,,,,,,,,,,,,
326,31,72,6.1,30,79.6,76,127,Aman Rice,,,,,,,,,,,,,,,
173,30,94,6.2,24,72.9,73,114,Aman Rice,,,,,,,,,,,,,,,
152,44,31,6.4,28,75.3,89,144,Aman Rice,,,,,,,,,,,,,,,
247,37,46,6.2,25,79.4,77,113,Aman Rice,,,,,,,,,,,,,,,
311,29,60,6.3,22,72.9,76,113,Aman Rice,,,,,,,,,,,,,,,
161,27,77,6.4,35,73.1,75,146,Aman Rice,,,,,,,,,,,,,,,
149,44,29,6.3,27,78.2,80,147,Aman Rice,,,,,,,,,,,,,,,
238,35,38,6.2,22,80.1,86,117,Aman Rice,,,,,,,,,,,,,,,
296,26,47,6.1,28,72.8,70,117,Aman Rice,,,,,,,,,,,,,,,
167,23,74,6.3,25,72.7,76,117,Aman Rice,,,,,,,,,,,,,,,
155,45,31,6.3,19,78,85,124,Aman Rice,,,,,,,,,,,,,,,
255,38,45,6.1,28,77.7,77,119,Aman Rice,,,,,,,,,,,,,,,
325,31,59,6.1,38,78.8,71,128,Aman Rice,,,,,,,,,,,,,,,
160,30,76,6.3,30,71.5,82,146,Aman Rice,,,,,,,,,,,,,,,
150,44,31,6.4,19,77.2,81,126,Aman Rice,,,,,,,,,,,,,,,
240,36,45,6.1,38,75.6,82,150,Aman Rice,,,,,,,,,,,,,,,
300,28,59,6.1,37,73,73,135,Aman Rice,,,,,,,,,,,,,,,
173,26,76,6.2,20,78.9,70,129,Aman Rice,,,,,,,,,,,,,,,
147,44,29,6.2,30,80.3,76,126,Aman Rice,,,,,,,,,,,,,,,
230,35,38,6.1,20,80.1,86,130,Aman Rice,,,,,,,,,,,,,,,
283,26,47,6.1,21,79,74,112,Aman Rice,,,,,,,,,,,,,,,
146,23,59,6.4,39,76.1,79,147,Aman Rice,,,,,,,,,,,,,,,
147,44,27,6.1,33,73,75,144,Aman Rice,,,,,,,,,,,,,,,
230,35,33,6.1,21,80.6,70,149,Aman Rice,,,,,,,,,,,,,,,
283,26,39,6.1,24,72.8,74,133,Aman Rice,,,,,,,,,,,,,,,
168,23,48,6.3,22,76.3,85,147,Aman Rice,,,,,,,,,,,,,,,
148,44,27,6.2,38,75.6,82,117,Aman Rice,,,,,,,,,,,,,,,
233,35,32,6.3,22,76.3,76,127,Aman Rice,,,,,,,,,,,,,,,
288,26,37,6.1,27,72.1,87,150,Aman Rice,,,,,,,,,,,,,,,
148,23,45,6.3,39,79,71,136,Aman Rice,,,,,,,,,,,,,,,
145,44,25,6.1,27,78.3,75,116,Aman Rice,,,,,,,,,,,,,,,
225,35,27,6.4,20,71.7,80,141,Aman Rice,,,,,,,,,,,,,,,
275,26,29,6.3,35,79.9,73,135,Aman Rice,,,,,,,,,,,,,,,
154,23,34,6.1,31,75.5,81,136,Aman Rice,,,,,,,,,,,,,,,
155,45,34,6.2,22,72.9,73,117,Aman Rice,,,,,,,,,,,,,,,
256,38,53,6.3,37,80,73,139,Aman Rice,,,,,,,,,,,,,,,
258,20,16,6,29,77.6,90,123,Aman Rice,,,,,,,,,,,,,,,
170,14,14,6.2,38,74.2,89,136,Aman Rice,,,,,,,,,,,,,,,
172,57,41,6.1,32,78.1,87,125,Aman Rice,,,,,,,,,,,,,,,
232,40,35,6.2,36,79.8,79,118,Aman Rice,,,,,,,,,,,,,,,
265,28,25,6.1,32,72.5,81,123,Aman Rice,,,,,,,,,,,,,,,
147,22,18,6.2,20,80,72,124,Aman Rice,,,,,,,,,,,,,,,
158,66,57,6.1,22,70,75,142,Aman Rice,,,,,,,,,,,,,,,
257,59,71,6.5,25,78,73,127,Aman Rice,,,,,,,,,,,,,,,
297,41,58,6,28,75,70,114,Aman Rice,,,,,,,,,,,,,,,
155,34,67,6,26,75,81,127,Aman Rice,,,,,,,,,,,,,,,
246,60.5,92,6.2,34,77,89,118,Aman Rice,,,,,,,,,,,,,,,
223,53,51,6.1,23,80,88,127,Aman Rice,,,,,,,,,,,,,,,
282,39,58,6.4,23,73,71,120,Aman Rice,,,,,,,,,,,,,,,
161,33,67,6.3,36,72,77,127,Aman Rice,,,,,,,,,,,,,,,
211,56.5,92,6.4,30,80,85,131,Aman Rice,,,,,,,,,,,,,,,
220,53,49,6,23,78,83,133,Aman Rice,,,,,,,,,,,,,,,
272,38,51,6.1,23,74,77,117,Aman Rice,,,,,,,,,,,,,,,
162,29,55,6,26,75,72,145,Aman Rice,,,,,,,,,,,,,,,
187,53.5,75,6,32,80,77,117,Aman Rice,,,,,,,,,,,,,,,
221,53,47,6.1,39,77.7,87,123,Aman Rice,,,,,,,,,,,,,,,
275,38,45,6.1,36,78.8,70,134,Aman Rice,,,,,,,,,,,,,,,
161,29,45,6.3,36,71.5,77,118,Aman Rice,,,,,,,,,,,,,,,
194,53.5,61,6.4,26,77.2,84,127,Aman Rice,,,,,,,,,,,,,,,
221,53,47,6.1,23,75.6,88,147,Aman Rice,,,,,,,,,,,,,,,
275,38,45,6.3,24,71,81,144,Aman Rice,,,,,,,,,,,,,,,
159,29,45,6.1,30,73,72,129,Aman Rice,,,,,,,,,,,,,,,
152,45,28,6.2,36,76,88,141,Aman Rice,,,,,,,,,,,,,,,
218,32,22,6.1,21,73.3,85,134,Aman Rice,,,,,,,,,,,,,,,
275,25,29,6,36,79.5,87,112,Aman Rice,,,,,,,,,,,,,,,
157,23,39,6.2,33,71.8,78,142,Aman Rice,,,,,,,,,,,,,,,
300,58,29,6.3,21,73,90,130,Aman Rice,,,,,,,,,,,,,,,
240,50,15,6.2,33,77.7,70,143,Aman Rice,,,,,,,,,,,,,,,
150,42,21,6.4,36,73.2,76,134,Aman Rice,,,,,,,,,,,,,,,
149,38,9,6.1,34,77.4,80,150,Aman Rice,,,,,,,,,,,,,,,
230,30,15,6.1,28,76.2,82,142,Aman Rice,,,,,,,,,,,,,,,
140,42,21,6.3,35,76.4,90,150,Aman Rice,,,,,,,,,,,,,,,
155,45,31,6.4,23,76,84,116,Aman Rice,,,,,,,,,,,,,,,
174,38,45,6.1,22,71.8,86,112,Aman Rice,,,,,,,,,,,,,,,
325,31,59,6.3,39,71.2,71,147,Aman Rice,,,,,,,,,,,,,,,
188,30,76,6.2,30,74.4,87,116,Aman Rice,,,,,,,,,,,,,,,
150,44,31,6.3,37,77.3,84,150,Aman Rice,,,,,,,,,,,,,,,
164,36,45,6,36,78.1,90,146,Aman Rice,,,,,,,,,,,,,,,
300,30,59,6,19,75.5,74,129,Aman Rice,,,,,,,,,,,,,,,
183,26,76,6.2,28,77.5,82,145,Aman Rice,,,,,,,,,,,,,,,
147,44,29,6,27,75.3,83,132,Aman Rice,,,,,,,,,,,,,,,
171,35,38,6.3,27,80,90,130,Aman Rice,,,,,,,,,,,,,,,
283,26,47,6.2,24,79.6,83,122,Aman Rice,,,,,,,,,,,,,,,
280,23,59,6,25,75.1,85,119,Aman Rice,,,,,,,,,,,,,,,
148,44,27,6,19,80.3,84,122,Aman Rice,,,,,,,,,,,,,,,
146,35,32,6.3,20,73.9,90,125,Aman Rice,,,,,,,,,,,,,,,
288,26,37,6.1,30,77.3,85,115,Aman Rice,,,,,,,,,,,,,,,
294,23,45,6.1,29,79.8,83,136,Aman Rice,,,,,,,,,,,,,,,
148,44,27,6.3,35,76.7,77,143,Aman Rice,,,,,,,,,,,,,,,
161,35,32,6.1,29,73.7,72,131,Aman Rice,,,,,,,,,,,,,,,
288,26,37,6.1,38,73,70,114,Aman Rice,,,,,,,,,,,,,,,
244,23,45,6.1,37,78,83,147,Aman Rice,,,,,,,,,,,,,,,
158,41,32,6.3,28,80.1,82,142,Aman Rice,,,,,,,,,,,,,,,
172,39,54,6.2,21,80.7,83,146,Aman Rice,,,,,,,,,,,,,,,
329,32,71,6.1,21,75.6,76,125,Aman Rice,,,,,,,,,,,,,,,
228,31,95,6.2,34,75.6,80,112,Aman Rice,,,,,,,,,,,,,,,
155,42,32,6.3,26,80.7,85,124,Aman Rice,,,,,,,,,,,,,,,
159,36,47,6.4,27,79,85,129,Aman Rice,,,,,,,,,,,,,,,
320,28,61,6,23,72.4,70,135,Aman Rice,,,,,,,,,,,,,,,
217.8,29,74,6.3,21,76.9,78,130,Aman Rice,,,,,,,,,,,,,,,
154,42,32,6.1,21,79.6,90,124,Aman Rice,,,,,,,,,,,,,,,
160,37,36,6.2,19,72.9,72,116,Aman Rice,,,,,,,,,,,,,,,
303,28,48,6.4,32,75.3,73,129,Aman Rice,,,,,,,,,,,,,,,
288,26,75,6.2,32,79.4,78,149,Aman Rice,,,,,,,,,,,,,,,
147,43,29,6.3,35,72.9,75,138,Aman Rice,,,,,,,,,,,,,,,
171,37,44,6.4,39,73.1,79,112,Aman Rice,,,,,,,,,,,,,,,
318,29,55,6.3,33,78.2,74,139,Aman Rice,,,,,,,,,,,,,,,
267,31,74,6.2,37,80.1,88,127,Aman Rice,,,,,,,,,,,,,,,
145,39,32,6.1,39,72.8,89,137,Aman Rice,,,,,,,,,,,,,,,
154,38,44,6.3,34,72.7,89,123,Aman Rice,,,,,,,,,,,,,,,
289,25,61,6.3,35,78,75,144,Aman Rice,,,,,,,,,,,,,,,
212,28,74,6.1,32,77.7,85,117,Aman Rice,,,,,,,,,,,,,,,
156,44,31,6.5,21,72,61,116,Aush Rice,,,,,,,,,,,,,,,
150,37,46,6.6,40,71.4,84,125,Aush Rice,,,,,,,,,,,,,,,
331,29,60,6.5,34,71.7,67,138,Aush Rice,,,,,,,,,,,,,,,
251,27,77,6.5,38,76.8,70,150,Aush Rice,,,,,,,,,,,,,,,
151,44,29,6.3,27,76.7,78,113,Aush Rice,,,,,,,,,,,,,,,
155,37,38,6.6,21,76.1,82,149,Aush Rice,,,,,,,,,,,,,,,
306,29,47,6.3,24,72.6,65,115,Aush Rice,,,,,,,,,,,,,,,
249,27,59,6.6,36,74,69,133,Aush Rice,,,,,,,,,,,,,,,
148,44,27,6.3,29,74.3,84,112,Aush Rice,,,,,,,,,,,,,,,
149,37,34,6.5,39,73.3,77,128,Aush Rice,,,,,,,,,,,,,,,
288,28,40,6.3,37,69.5,60,150,Aush Rice,,,,,,,,,,,,,,,
233,27,49,6.6,24,70.8,75,119,Aush Rice,,,,,,,,,,,,,,,
146,44,26,6.5,32,73.7,74,138,Aush Rice,,,,,,,,,,,,,,,
161,35,29,6.6,24,72.6,72,138,Aush Rice,,,,,,,,,,,,,,,
278,26,32,6.4,27,72,72,118,Aush Rice,,,,,,,,,,,,,,,
181,23,38,6.7,39,69,79,129,Aush Rice,,,,,,,,,,,,,,,
156,44,31,6.6,38,73,84,145,Aush Rice,,,,,,,,,,,,,,,
153,37,46,6.6,37,72.4,81,121,Aush Rice,,,,,,,,,,,,,,,
331,29,60,6.4,24,70.6,70,116,Aush Rice,,,,,,,,,,,,,,,
289,27,77,6.4,25,71.7,82,127,Aush Rice,,,,,,,,,,,,,,,
151,44,29,6.4,30,75.5,78,116,Aush Rice,,,,,,,,,,,,,,,
170,37,38,6.5,40,67.6,82,124,Aush Rice,,,,,,,,,,,,,,,
306,29,47,6.6,28,75.2,85,119,Aush Rice,,,,,,,,,,,,,,,
273,27,59,6.3,29,72.5,85,119,Aush Rice,,,,,,,,,,,,,,,
153,45,29,6.3,35,67.2,83,135,Aush Rice,,,,,,,,,,,,,,,
171,38,38,6.6,35,68.6,61,119,Aush Rice,,,,,,,,,,,,,,,
313,31,47,6.4,23,68.9,63,143,Aush Rice,,,,,,,,,,,,,,,
178,30,59,6.6,30,76.9,67,115,Aush Rice,,,,,,,,,,,,,,,
149,44,27,6.3,34,69.4,66,146,Aush Rice,,,,,,,,,,,,,,,
148,37,32,6.4,40,68.4,70,129,Aush Rice,,,,,,,,,,,,,,,
293,29,37,6.3,19,67.2,85,133,Aush Rice,,,,,,,,,,,,,,,
224,27,45,6.7,22,68.3,70,142,Aush Rice,,,,,,,,,,,,,,,
145,44,25,6.7,22,72.6,61,137,Aush Rice,,,,,,,,,,,,,,,
171,35,27,6.5,30,75,66,146,Aush Rice,,,,,,,,,,,,,,,
275,26,29,6.4,19,75.9,61,132,Aush Rice,,,,,,,,,,,,,,,
263,23,34,6.5,34,68.1,81,144,Aush Rice,,,,,,,,,,,,,,,
155,45,30,6.7,27,71.7,83,134,Aush Rice,,,,,,,,,,,,,,,
160,33,22,6.4,22,73.7,67,116,Aush Rice,,,,,,,,,,,,,,,
331,29,60,6.3,19,74.7,64,143,Aush Rice,,,,,,,,,,,,,,,
264,27,59,6.6,28,68.8,68,126,Aush Rice,,,,,,,,,,,,,,,
151,44,29,6.4,32,70.5,69,127,Aush Rice,,,,,,,,,,,,,,,
156,32,21,6.5,32,74.1,78,140,Aush Rice,,,,,,,,,,,,,,,
306,29,47,6.7,24,72.4,81,149,Aush Rice,,,,,,,,,,,,,,,
173.1,14,11,6.7,28,72.4,81,129,Aush Rice,,,,,,,,,,,,,,,
156,66,55,6.5,19,71.4,78,135,Aush Rice,,,,,,,,,,,,,,,
146,53,49,6.5,34,70.7,85,144,Aush Rice,,,,,,,,,,,,,,,
314.5,40,58,6.5,25,73.8,74,142,Aush Rice,,,,,,,,,,,,,,,
179,30.5,60,6.4,23,71.9,69,137,Aush Rice,,,,,,,,,,,,,,,
152,65,53,6.5,36,75.5,78,141,Aush Rice,,,,,,,,,,,,,,,
155,58,51,6.7,30,71.2,79,124,Aush Rice,,,,,,,,,,,,,,,
294.5,38,48,6.4,30,69.1,69,147,Aush Rice,,,,,,,,,,,,,,,
278,27.5,46,6.5,31,67.8,77,117,Aush Rice,,,,,,,,,,,,,,,
148,65,51,6.6,33,76.6,77,149,Aush Rice,,,,,,,,,,,,,,,
155,50,38,6.6,40,74.6,64,122,Aush Rice,,,,,,,,,,,,,,,
276.5,35,40,6.7,37,67.5,79,142,Aush Rice,,,,,,,,,,,,,,,
221.3,23.5,35,6.5,37,69.5,74,128,Aush Rice,,,,,,,,,,,,,,,
155,45,30,6.5,31,72.7,65,119,Aush Rice,,,,,,,,,,,,,,,
157,33,24,6.7,28,76.1,65,145,Aush Rice,,,,,,,,,,,,,,,
326,34,55,6.4,19,68.3,75,133,Aush Rice,,,,,,,,,,,,,,,
232,30,57,6.5,22,67.2,77,147,Aush Rice,,,,,,,,,,,,,,,
148,44,27,6.5,38,73.5,77,118,Aush Rice,,,,,,,,,,,,,,,
150,32,20,6.7,37,76.1,81,139,Aush Rice,,,,,,,,,,,,,,,
267,23,23,6.6,23,75.3,66,145,Aush Rice,,,,,,,,,,,,,,,
178,20,29,6.7,35,71.1,79,118,Aush Rice,,,,,,,,,,,,,,,
340,98,89,6.4,31,73.9,77,131,Aush Rice,,,,,,,,,,,,,,,
171,90,55,6.6,35,71.8,81,125,Aush Rice,,,,,,,,,,,,,,,
190,82,41,6.7,35,73.3,68,137,Aush Rice,,,,,,,,,,,,,,,
320,78,49,6.4,29,70.5,78,139,Aush Rice,,,,,,,,,,,,,,,
260,70,35,6.6,22,67.7,64,132,Aush Rice,,,,,,,,,,,,,,,
174,62,21,6.4,29,74.1,81,138,Aush Rice,,,,,,,,,,,,,,,
153,45,29,6.5,34,72.1,66,136,Aush Rice,,,,,,,,,,,,,,,
248,38,38,6.4,34,67,66,146,Aush Rice,,,,,,,,,,,,,,,
313,31,47,6.6,40,69.9,64,136,Aush Rice,,,,,,,,,,,,,,,
159,30,59,6.4,25,72.3,73,135,Aush Rice,,,,,,,,,,,,,,,
149,44,27,6.6,37,68,75,121,Aush Rice,,,,,,,,,,,,,,,
237,43,32,6.4,27,74,75,147,Aush Rice,,,,,,,,,,,,,,,
293,29,37,6.3,35,71.7,76,113,Aush Rice,,,,,,,,,,,,,,,
164,27,45,6.6,33,74.7,76,116,Aush Rice,,,,,,,,,,,,,,,
145,44,25,6.5,35,73.6,68,146,Aush Rice,,,,,,,,,,,,,,,
225,35,27,6.3,24,74.3,67,124,Aush Rice,,,,,,,,,,,,,,,
275,26,29,6.6,40,76.1,83,115,Aush Rice,,,,,,,,,,,,,,,
153,23,34,6.3,25,72.6,68,149,Aush Rice,,,,,,,,,,,,,,,
287.8,29,75,6.6,32,74,84,138,Aush Rice,,,,,,,,,,,,,,,
151,42,28,6.3,22,74.3,80,125,Aush Rice,,,,,,,,,,,,,,,
244,35,35,6.5,39,73.3,83,133,Aush Rice,,,,,,,,,,,,,,,
155,31,46,6.3,38,69.5,68,149,Aush Rice,,,,,,,,,,,,,,,
203,28,58,6.6,23,70.8,79,116,Aush Rice,,,,,,,,,,,,,,,
148,43,26,6.5,23,73.7,65,128,Aush Rice,,,,,,,,,,,,,,,
233,36,33,6.6,20,72.6,61,120,Aush Rice,,,,,,,,,,,,,,,
159,25,41,6.4,25,72,85,123,Aush Rice,,,,,,,,,,,,,,,
263.8,26,51,6.7,38,69,67,141,Aush Rice,,,,,,,,,,,,,,,
146,43,27,6.6,35,73,78,134,Aush Rice,,,,,,,,,,,,,,,
227,36,28,6.6,20,72.4,63,123,Aush Rice,,,,,,,,,,,,,,,
166,25,33,6.4,21,70.6,78,114,Aush Rice,,,,,,,,,,,,,,,
269,22,37,6.4,35,71.7,69,142,Aush Rice,,,,,,,,,,,,,,,
156,43,30,6.4,25,75.5,60,128,Aush Rice,,,,,,,,,,,,,,,
259,36,45,6.5,33,67.6,79,132,Aush Rice,,,,,,,,,,,,,,,
171,28,61,6.6,20,75.2,68,143,Aush Rice,,,,,,,,,,,,,,,
235.2,26,78,6.3,23,72.5,80,150,Aush Rice,,,,,,,,,,,,,,,
151,43,30,6.3,33,67.2,73,137,Aush Rice,,,,,,,,,,,,,,,
244,36,39,6.5,25,72,66,143,Aush Rice,,,,,,,,,,,,,,,
172,28,46,6.6,36,71.4,69,140,Aush Rice,,,,,,,,,,,,,,,
180,26,58,6.5,34,71.7,71,145,Aush Rice,,,,,,,,,,,,,,,
153,44,28,6.5,37,76.8,67,119,Aush Rice,,,,,,,,,,,,,,,
248,37,37,6.3,25,76.7,84,147,Aush Rice,,,,,,,,,,,,,,,
174,30,46,6.6,34,76.1,73,139,Aush Rice,,,,,,,,,,,,,,,
193,29,59,6.3,29,72.6,62,114,Aush Rice,,,,,,,,,,,,,,,
149,43,28,6.6,22,74,75,118,Aush Rice,,,,,,,,,,,,,,,
148,43,28,6.3,35,74.3,82,121,Aush Rice,,,,,,,,,,,,,,,
156,31,21,6.5,36,73.3,64,136,Aush Rice,,,,,,,,,,,,,,,
267,22,24,6.3,26,69.5,74,138,Aush Rice,,,,,,,,,,,,,,,
296.6,21,30,6.6,28,70.8,84,138,Aush Rice,,,,,,,,,,,,,,,
340,99,90,6.5,35,73.7,65,124,Aush Rice,,,,,,,,,,,,,,,
174,91,56,6.6,32,72.6,69,139,Aush Rice,,,,,,,,,,,,,,,
190,83,42,6.4,33,72,69,117,Aush Rice,,,,,,,,,,,,,,,
320,79,50,6.7,34,69,77,130,Aush Rice,,,,,,,,,,,,,,,
260,71,36,6.6,32,73,84,148,Aush Rice,,,,,,,,,,,,,,,
150,63,22,6.6,29,72.4,60,127,Aush Rice,,,,,,,,,,,,,,,
153,46,28,6.4,25,70.6,79,144,Aush Rice,,,,,,,,,,,,,,,
248,39,39,6.4,29,71.7,65,130,Aush Rice,,,,,,,,,,,,,,,
313,32,48,6.4,31,75.5,80,130,Aush Rice,,,,,,,,,,,,,,,
174,29,58,6.5,24,67.6,64,140,Aush Rice,,,,,,,,,,,,,,,
149,43,28,6.6,39,75.2,77,112,Aush Rice,,,,,,,,,,,,,,,
237,42,32,6.3,24,72.5,74,121,Aush Rice,,,,,,,,,,,,,,,
293,28,36,6.3,29,67.2,67,133,Aush Rice,,,,,,,,,,,,,,,
150,28,44,6.6,23,68.6,75,129,Aush Rice,,,,,,,,,,,,,,,
145,43,24,6.4,24,68.9,81,147,Aush Rice,,,,,,,,,,,,,,,
148,44,27,6.6,35,76.9,72,146,Aush Rice,,,,,,,,,,,,,,,
242,37,36,6.3,20,69.4,81,123,Aush Rice,,,,,,,,,,,,,,,
171,29,45,6.4,29,68.4,79,146,Aush Rice,,,,,,,,,,,,,,,
259.1,27,57,6.3,29,67.2,83,128,Aush Rice,,,,,,,,,,,,,,,
145,44,29,6.7,31,68.3,62,150,Aush Rice,,,,,,,,,,,,,,,
241,37,35,6.7,27,72.6,69,113,Aush Rice,,,,,,,,,,,,,,,
171,28,41,6.5,33,75,80,140,Aush Rice,,,,,,,,,,,,,,,
245,27,50,6.4,37,75.9,68,140,Aush Rice,,,,,,,,,,,,,,,
135,44,27,6.5,27,68.1,68,148,Aush Rice,,,,,,,,,,,,,,,
225,35,30,6.7,32,71.7,72,129,Aush Rice,,,,,,,,,,,,,,,
158,26,33,6.4,21,73.7,84,144,Aush Rice,,,,,,,,,,,,,,,
176.4,23,39,6.3,19,74.7,63,133,Aush Rice,,,,,,,,,,,,,,,
166,44,32,6.6,38,68.8,61,118,Aush Rice,,,,,,,,,,,,,,,
256,37,45,6.4,28,70.5,85,137,Aush Rice,,,,,,,,,,,,,,,
174,29,62,6.5,39,74.1,60,138,Aush Rice,,,,,,,,,,,,,,,
265,27,77,6.7,37,72.4,84,129,Aush Rice,,,,,,,,,,,,,,,
145,44,29,6.7,23,72.4,73,132,Aush Rice,,,,,,,,,,,,,,,
234,37,38,6.5,40,71.4,72,117,Aush Rice,,,,,,,,,,,,,,,
166,29,47,6.5,30,70.7,60,136,Aush Rice,,,,,,,,,,,,,,,
274,27,59,6.5,21,73.8,61,148,Aush Rice,,,,,,,,,,,,,,,
152,45,29,6.4,21,71.9,61,137,Aush Rice,,,,,,,,,,,,,,,
233,38,38,6.5,35,75.5,80,127,Aush Rice,,,,,,,,,,,,,,,
158,29,47,6.7,30,71.2,68,114,Aush Rice,,,,,,,,,,,,,,,
148,47,29,6.1,22,70,57,47,Bean,,,,,,,,,,,,,,,
233,46,38,6,26,66,69,47,Bean,,,,,,,,,,,,,,,
288,44,47,5.9,27,68.8,50,79,Bean,,,,,,,,,,,,,,,
152,48,59,6,27,69,64,55,Bean,,,,,,,,,,,,,,,
148,47,27,6.2,15,69.6,57,50,Bean,,,,,,,,,,,,,,,
221,44,32,6.1,23,66.8,63,49,Bean,,,,,,,,,,,,,,,
268,41,27,6.2,15,70.8,60,65,Bean,,,,,,,,,,,,,,,
149,44,45,6.2,30,69.5,64,45,Bean,,,,,,,,,,,,,,,
148,47,29,5.9,19,69.4,58,61,Bean,,,,,,,,,,,,,,,
233,46,38,6.1,22,74.5,63,66,Bean,,,,,,,,,,,,,,,
288,44,47,6.3,28,68.1,54,52,Bean,,,,,,,,,,,,,,,
165,48,59,6.1,28,71.2,68,61,Bean,,,,,,,,,,,,,,,
144,47,27,6.2,25,65.1,57,52,Bean,,,,,,,,,,,,,,,
221,44,32,6,21,67.2,57,78,Bean,,,,,,,,,,,,,,,
268,41,37,6,27,65.6,61,40,Bean,,,,,,,,,,,,,,,
154,44,45,6.1,21,74,50,74,Bean,,,,,,,,,,,,,,,
143,47,27,6.1,30,68.4,63,40,Bean,,,,,,,,,,,,,,,
219,44,33,6.3,29,65.4,69,70,Bean,,,,,,,,,,,,,,,
265,41,39,6.1,23,72.9,60,43,Bean,,,,,,,,,,,,,,,
153,44,48,5.9,16,67.4,53,61,Bean,,,,,,,,,,,,,,,
148,47,29,6.1,25,71.1,51,72,Bean,,,,,,,,,,,,,,,
233,45,38,6.2,22,73.4,55,61,Bean,,,,,,,,,,,,,,,
288,43,47,6,23,71.7,59,78,Bean,,,,,,,,,,,,,,,
159,47,59,6.2,16,69.3,58,80,Bean,,,,,,,,,,,,,,,
143,47,27,6,25,66.3,67,48,Bean,,,,,,,,,,,,,,,
219,44,32,5.9,27,71.7,58,58,Bean,,,,,,,,,,,,,,,
265,41,37,6.2,30,73.6,56,54,Bean,,,,,,,,,,,,,,,
160,44,45,5.9,18,74.1,67,79,Bean,,,,,,,,,,,,,,,
146,68,53,6,19,70.6,69,50,Bean,,,,,,,,,,,,,,,
222,59,52,6.3,27,72,50,73,Bean,,,,,,,,,,,,,,,
266.5,50,50,6,29,65.4,60,66,Bean,,,,,,,,,,,,,,,
176,44.5,49,6.1,29,66.4,50,44,Bean,,,,,,,,,,,,,,,
151,68,55,6,17,71.9,51,44,Bean,,,,,,,,,,,,,,,
235,60,57,6.2,15,67.7,51,61,Bean,,,,,,,,,,,,,,,
289.5,52,58,6,26,68,53,44,Bean,,,,,,,,,,,,,,,
149,47.5,60,6.2,19,74.9,56,76,Bean,,,,,,,,,,,,,,,
146,68,53,6.3,16,71.1,65,56,Bean,,,,,,,,,,,,,,,
221,59,51,5.9,18,67.5,66,78,Bean,,,,,,,,,,,,,,,
266.5,50,48,6,21,67.1,65,50,Bean,,,,,,,,,,,,,,,
163,44.5,46,6,22,67.8,57,66,Bean,,,,,,,,,,,,,,,
158,68,55,6.1,16,68.2,55,46,Bean,,,,,,,,,,,,,,,
257,60,49,6.2,20,73.9,65,57,Bean,,,,,,,,,,,,,,,
326.5,52,58,6.2,26,71.1,52,69,Bean,,,,,,,,,,,,,,,
171,47.5,60,5.9,16,66,59,56,Bean,,,,,,,,,,,,,,,
143,47,27,5.9,17,70,55,72,Bean,,,,,,,,,,,,,,,
220,44,33,6,29,66.5,52,48,Bean,,,,,,,,,,,,,,,
265,41,39,6,30,71.5,67,57,Bean,,,,,,,,,,,,,,,
174,44,48,6,26,71.7,66,56,Bean,,,,,,,,,,,,,,,
148,47,29,6.2,23,74.4,52,66,Bean,,,,,,,,,,,,,,,
233,45,38,5.9,25,70.4,61,70,Bean,,,,,,,,,,,,,,,
288,43,47,6.1,16,74,65,51,Bean,,,,,,,,,,,,,,,
151,47,59,6.2,21,68.7,70,43,Bean,,,,,,,,,,,,,,,
143,47,27,6,27,70.1,61,53,Bean,,,,,,,,,,,,,,,
219,44,32,6.3,19,65.5,51,48,Bean,,,,,,,,,,,,,,,
265,41,37,5.9,26,70.6,52,74,Bean,,,,,,,,,,,,,,,
174,44,45,6,22,67.3,70,44,Bean,,,,,,,,,,,,,,,
155,47,29,5.9,19,69.5,65,72,Bean,,,,,,,,,,,,,,,
255,45,30,6.1,26,68.3,52,53,Bean,,,,,,,,,,,,,,,
325,43,47,6.3,20,70.7,70,45,Bean,,,,,,,,,,,,,,,
151,47,59,6.3,16,74.7,60,74,Bean,,,,,,,,,,,,,,,
147,48,30,5.9,23,65.3,68,57,Bean,,,,,,,,,,,,,,,
222,45,39,6,17,69.1,57,41,Bean,,,,,,,,,,,,,,,
268,42,48,6,20,72.1,58,45,Bean,,,,,,,,,,,,,,,
176,47,60,6.1,26,74.3,51,55,Bean,,,,,,,,,,,,,,,
147,46,26,6.1,25,73.3,69,64,Bean,,,,,,,,,,,,,,,
220,43,33,6.2,27,72.5,53,44,Bean,,,,,,,,,,,,,,,
275,40,28,6,30,73,55,57,Bean,,,,,,,,,,,,,,,
149,42,44,6.1,26,74.9,50,74,Bean,,,,,,,,,,,,,,,
149,46,31,6,19,69.2,59,58,Bean,,,,,,,,,,,,,,,
232,47,39,6,17,71.6,54,41,Bean,,,,,,,,,,,,,,,
275,45,48,6,22,65.5,66,76,Bean,,,,,,,,,,,,,,,
149,48,28,6.3,25,68.2,50,66,Bean,,,,,,,,,,,,,,,
148,47,29,6.3,17,66.1,56,44,Bean,,,,,,,,,,,,,,,
223,44,33,6,24,69.7,67,67,Bean,,,,,,,,,,,,,,,
284,41,36,6,19,71.1,65,45,Bean,,,,,,,,,,,,,,,
176,43,27,6,30,66.7,63,44,Bean,,,,,,,,,,,,,,,
142,46,42,6.2,15,69.6,64,77,Bean,,,,,,,,,,,,,,,
222,43,34,6.2,15,68.8,53,47,Bean,,,,,,,,,,,,,,,
263,42,41,6.1,29,65.1,58,78,Bean,,,,,,,,,,,,,,,
168,44,42,6.2,20,69.8,50,76,Bean,,,,,,,,,,,,,,,
149,47,29,6.2,26,69.6,63,71,Bean,,,,,,,,,,,,,,,
231,44,38,6.1,26,66.8,62,64,Bean,,,,,,,,,,,,,,,
247,444,46,6.2,28,70.8,55,47,Bean,,,,,,,,,,,,,,,
175,48,55,6.2,16,69.5,56,76,Bean,,,,,,,,,,,,,,,
146,48,27,5.9,21,69.4,57,67,Bean,,,,,,,,,,,,,,,
221,43,31,6.1,15,74.5,68,48,Bean,,,,,,,,,,,,,,,
269,41,37,6.3,28,68.1,59,69,Bean,,,,,,,,,,,,,,,
170,44,45,6.1,21,71.2,65,78,Bean,,,,,,,,,,,,,,,
147,68,52,6.2,15,65.1,70,47,Bean,,,,,,,,,,,,,,,
224,62,51,6,17,67.2,50,40,Bean,,,,,,,,,,,,,,,
267,51,49,6,16,65.6,60,61,Bean,,,,,,,,,,,,,,,
163,45,49,6.1,24,74,63,52,Bean,,,,,,,,,,,,,,,
153,67,54,6.1,25,68.4,70,77,Bean,,,,,,,,,,,,,,,
236,59,56,6.3,17,65.4,61,49,Bean,,,,,,,,,,,,,,,
290,53,57,6.1,28,72.9,52,71,Bean,,,,,,,,,,,,,,,
156,49,59,5.9,21,67.4,62,79,Bean,,,,,,,,,,,,,,,
147,66,52,6.1,21,71.1,54,49,Bean,,,,,,,,,,,,,,,
246,56,52,6.2,21,73.4,59,67,Bean,,,,,,,,,,,,,,,
266.5,51,47,6,30,71.7,65,45,Bean,,,,,,,,,,,,,,,
150,55,46,6.2,23,69.3,70,67,Bean,,,,,,,,,,,,,,,
159,58,55,6.1,18,70,67,66,Bean,,,,,,,,,,,,,,,
254,59,49,6,22,66,69,76,Bean,,,,,,,,,,,,,,,
232,49,58,5.9,28,68.8,68,65,Bean,,,,,,,,,,,,,,,
146,46,60,6,30,69,59,53,Bean,,,,,,,,,,,,,,,
142,45,27,6.2,29,69.6,51,55,Bean,,,,,,,,,,,,,,,
223,42,33,6.1,27,66.8,53,75,Bean,,,,,,,,,,,,,,,
258,43,39,6.2,28,70.8,70,69,Bean,,,,,,,,,,,,,,,
151,44,47,6.2,19,69.5,56,40,Bean,,,,,,,,,,,,,,,
139,46,30,5.9,17,69.4,55,51,Bean,,,,,,,,,,,,,,,
234,45,39,6.1,21,74.5,59,40,Bean,,,,,,,,,,,,,,,
259,43,46,6.3,19,68.1,56,54,Bean,,,,,,,,,,,,,,,
154,47,58,6.1,15,71.2,57,79,Bean,,,,,,,,,,,,,,,
148,47,29,6.2,18,65.1,50,77,Bean,,,,,,,,,,,,,,,
227,44,33,6,15,67.2,56,66,Bean,,,,,,,,,,,,,,,
267,41,36,6,19,65.6,61,47,Bean,,,,,,,,,,,,,,,
163,43,44,6.1,18,74,53,70,Bean,,,,,,,,,,,,,,,
164,48,31,6.1,17,68.4,52,48,Bean,,,,,,,,,,,,,,,
264,46,32,6.3,23,65.4,53,70,Bean,,,,,,,,,,,,,,,
327,44,48,6.1,16,72.9,55,77,Bean,,,,,,,,,,,,,,,
155,48,59,5.9,30,67.4,66,72,Bean,,,,,,,,,,,,,,,
153,48,29,6.1,30,71.1,50,40,Bean,,,,,,,,,,,,,,,
234,47,38,6.2,27,73.4,50,52,Bean,,,,,,,,,,,,,,,
259,45,47,6,19,71.7,52,45,Bean,,,,,,,,,,,,,,,
172,47,59,6.2,28,69.3,67,69,Bean,,,,,,,,,,,,,,,
148,49,27,6,25,66.3,61,56,Bean,,,,,,,,,,,,,,,
232,47,32,5.9,27,71.7,57,79,Bean,,,,,,,,,,,,,,,
268,42,27,6.2,20,73.6,70,68,Bean,,,,,,,,,,,,,,,
156,43,45,5.9,21,74.1,56,76,Bean,,,,,,,,,,,,,,,
148,46,29,6,20,70.6,58,41,Bean,,,,,,,,,,,,,,,
233,45,38,6.3,21,72,56,79,Bean,,,,,,,,,,,,,,,
288,45,47,6,26,65.4,62,53,Bean,,,,,,,,,,,,,,,
172,47,57,6.1,29,66.4,51,73,Bean,,,,,,,,,,,,,,,
144,46,29,6,24,71.9,67,42,Bean,,,,,,,,,,,,,,,
223,43,33,6.2,29,67.7,59,54,Bean,,,,,,,,,,,,,,,
269,42,38,6,29,68,53,53,Bean,,,,,,,,,,,,,,,
171,43,44,6.2,22,74.9,50,75,Bean,,,,,,,,,,,,,,,
143,48,29,6.3,21,71.1,50,75,Bean,,,,,,,,,,,,,,,
228,47,34,5.9,22,67.5,62,47,Bean,,,,,,,,,,,,,,,
268,42,41,6,30,67.1,50,62,Bean,,,,,,,,,,,,,,,
159,43,47,6,16,67.8,70,42,Bean,,,,,,,,,,,,,,,
149,48,31,6.1,26,68.2,56,76,Bean,,,,,,,,,,,,,,,
232,46,37,6.2,30,73.9,59,49,Bean,,,,,,,,,,,,,,,
269,44,45,6.2,20,71.1,63,50,Bean,,,,,,,,,,,,,,,
150,48,57,5.9,23,66,52,72,Bean,,,,,,,,,,,,,,,
144,46,39,5.9,26,70,52,57,Bean,,,,,,,,,,,,,,,
222,43,34,6,26,66.5,57,52,Bean,,,,,,,,,,,,,,,
268,42,36,6,25,71.5,61,58,Bean,,,,,,,,,,,,,,,
167,45,47,6,23,71.7,62,70,Bean,,,,,,,,,,,,,,,
148,67,54,6.2,30,74.4,65,52,Bean,,,,,,,,,,,,,,,
224,60,51,5.9,29,70.4,66,59,Bean,,,,,,,,,,,,,,,
170,46,40,6.3,22,80,74,141,Boro Rice,,,,,,,,,,,,,,,
154,43,73,6.1,20,80.6,72,126,Boro Rice,,,,,,,,,,,,,,,
243,39,105,6.3,29,82,79,121,Boro Rice,,,,,,,,,,,,,,,
265,41,140,6.3,24,82.9,81,119,Boro Rice,,,,,,,,,,,,,,,
164,46,36,6.2,37,85,81,120,Boro Rice,,,,,,,,,,,,,,,
174,41,61,6.1,37,83.4,76,120,Boro Rice,,,,,,,,,,,,,,,
371,36,85,6.1,27,77.4,82,127,Boro Rice,,,,,,,,,,,,,,,
177,37,112,6.2,37,77.5,79,137,Boro Rice,,,,,,,,,,,,,,,
160,45,34,6.5,37,84,83,134,Boro Rice,,,,,,,,,,,,,,,
168,40,53,6.3,40,83.3,80,116,Boro Rice,,,,,,,,,,,,,,,
351,34,72,6.2,22,75.9,85,137,Boro Rice,,,,,,,,,,,,,,,
243,34,94,6.1,37,85,83,140,Boro Rice,,,,,,,,,,,,,,,
163,47,35,6.1,31,84.9,76,123,Boro Rice,,,,,,,,,,,,,,,
147,46,58,6.1,27,80,85,113,Boro Rice,,,,,,,,,,,,,,,
363,44,80,6.2,34,76.5,70,120,Boro Rice,,,,,,,,,,,,,,,
244.6,48,105,6.4,27,80.6,84,133,Boro Rice,,,,,,,,,,,,,,,
156,46,31,6.3,34,84.1,77,122,Boro Rice,,,,,,,,,,,,,,,
162,41,46,6.3,31,78.9,72,118,Boro Rice,,,,,,,,,,,,,,,
331,36,60,6.2,37,76.1,83,139,Boro Rice,,,,,,,,,,,,,,,
203,37,77,6.4,38,79,74,124,Boro Rice,,,,,,,,,,,,,,,
152,45,30,6.4,34,83.9,71,123,Boro Rice,,,,,,,,,,,,,,,
158,38,43,6.3,20,82.7,83,113,Boro Rice,,,,,,,,,,,,,,,
308,31,55,6.2,31,82.4,71,114,Boro Rice,,,,,,,,,,,,,,,
215,30,70,6.3,39,80.5,76,129,Boro Rice,,,,,,,,,,,,,,,
148,44,28,6.4,31,78.6,84,139,Boro Rice,,,,,,,,,,,,,,,
169,37,35,6.3,39,79.6,82,135,Boro Rice,,,,,,,,,,,,,,,
291,29,42,6.5,29,78,83,121,Boro Rice,,,,,,,,,,,,,,,
228,27,52,6.3,23,80.9,80,139,Boro Rice,,,,,,,,,,,,,,,
170,46,40,6.3,27,84.2,80,147,Boro Rice,,,,,,,,,,,,,,,
166,43,73,6.3,36,80.2,71,121,Boro Rice,,,,,,,,,,,,,,,
248,39,105,6.4,23,81.2,81,139,Boro Rice,,,,,,,,,,,,,,,
281.6,41,144,6.3,38,77,84,115,Boro Rice,,,,,,,,,,,,,,,
164,46,36,6.4,23,77.2,70,132,Boro Rice,,,,,,,,,,,,,,,
173,41,61,6.3,28,83.9,81,125,Boro Rice,,,,,,,,,,,,,,,
371,36,85,6.4,28,75.3,81,125,Boro Rice,,,,,,,,,,,,,,,
208,37,112,6.2,33,76.5,76,124,Boro Rice,,,,,,,,,,,,,,,
160,45,34,6.1,23,79.7,82,142,Boro Rice,,,,,,,,,,,,,,,
170,40,53,6.4,40,82.5,78,133,Boro Rice,,,,,,,,,,,,,,,
351,34,72,6.1,28,78.7,79,140,Boro Rice,,,,,,,,,,,,,,,
196,34,94,6.2,31,80.7,75,146,Boro Rice,,,,,,,,,,,,,,,
165,46,38,6.4,36,78.8,84,145,Boro Rice,,,,,,,,,,,,,,,
153,42,65,6.3,23,79.9,76,137,Boro Rice,,,,,,,,,,,,,,,
375,38,92,6.3,20,77.3,77,133,Boro Rice,,,,,,,,,,,,,,,
278,40,122,6.3,34,78.1,71,150,Boro Rice,,,,,,,,,,,,,,,
163,46,36,6.4,22,85,82,148,Boro Rice,,,,,,,,,,,,,,,
153,41,60,6.3,20,75.5,83,113,Boro Rice,,,,,,,,,,,,,,,
363,36,84,6.2,25,83.3,77,120,Boro Rice,,,,,,,,,,,,,,,
186,37,111,6.4,33,82.5,80,119,Boro Rice,,,,,,,,,,,,,,,
160,46,36,6.1,25,78.5,83,135,Boro Rice,,,,,,,,,,,,,,,
168,41,60,6.2,26,81.9,80,148,Boro Rice,,,,,,,,,,,,,,,
350,36,84,6.5,23,77.7,82,149,Boro Rice,,,,,,,,,,,,,,,
234,37,111,6.3,37,83,82,133,Boro Rice,,,,,,,,,,,,,,,
152,44,28,6.5,34,79.8,79,147,Boro Rice,,,,,,,,,,,,,,,
168,36,36,6.1,20,76.7,78,150,Boro Rice,,,,,,,,,,,,,,,
308,28,44,6.2,31,75.6,83,147,Boro Rice,,,,,,,,,,,,,,,
266,26,55,6.2,24,80.8,72,128,Boro Rice,,,,,,,,,,,,,,,
163,47,35,6.5,19,84.3,75,118,Boro Rice,,,,,,,,,,,,,,,
158,33,25,6.3,35,76.1,81,133,Boro Rice,,,,,,,,,,,,,,,
262,20,18,6.3,19,76.9,83,142,Boro Rice,,,,,,,,,,,,,,,
277,14,13,6.2,26,80.9,75,136,Boro Rice,,,,,,,,,,,,,,,
194,62,56,6.2,22,83.9,74,129,Boro Rice,,,,,,,,,,,,,,,
160,50,45,6.2,28,77.1,80,113,Boro Rice,,,,,,,,,,,,,,,
293,38,39,6.3,19,82,82,119,Boro Rice,,,,,,,,,,,,,,,
207.4,22,21,6.1,27,80.4,81,118,Boro Rice,,,,,,,,,,,,,,,
168,67,64,6.2,20,81.6,73,145,Boro Rice,,,,,,,,,,,,,,,
164,58,84,6.4,33,84,80,142,Boro Rice,,,,,,,,,,,,,,,
265,41,42,6.3,29,81.2,76,132,Boro Rice,,,,,,,,,,,,,,,
174,33,46,6.4,31,75.1,71,139,Boro Rice,,,,,,,,,,,,,,,
163,47,35,6.4,19,77.2,79,114,Boro Rice,,,,,,,,,,,,,,,
172,34,29,6.2,37,77.4,83,119,Boro Rice,,,,,,,,,,,,,,,
262,21,23,6.2,26,76.7,72,135,Boro Rice,,,,,,,,,,,,,,,
173,14,20,6.2,19,83.3,78,115,Boro Rice,,,,,,,,,,,,,,,
390,118,109,6.1,40,77.6,79,128,Boro Rice,,,,,,,,,,,,,,,
147,110,75,6.3,23,84.5,81,114,Boro Rice,,,,,,,,,,,,,,,
220,102,61,6.3,19,77,81,139,Boro Rice,,,,,,,,,,,,,,,
350,98,69,6.3,31,83.2,75,134,Boro Rice,,,,,,,,,,,,,,,
290,90,55,6.1,21,77.1,80,137,Boro Rice,,,,,,,,,,,,,,,
163,82,41,6.4,20,81.2,76,125,Boro Rice,,,,,,,,,,,,,,,
330,78,49,6.2,31,83.7,72,148,Boro Rice,,,,,,,,,,,,,,,
270,70,35,6.2,21,78.3,80,112,Boro Rice,,,,,,,,,,,,,,,
180,62,21,6.4,28,80.6,79,132,Boro Rice,,,,,,,,,,,,,,,
150,58,29,6.3,40,84.1,73,148,Boro Rice,,,,,,,,,,,,,,,
250,50,25,6.3,39,78.9,74,134,Boro Rice,,,,,,,,,,,,,,,
160,42,21,6.2,31,76.1,78,117,Boro Rice,,,,,,,,,,,,,,,
165,46,38,6.4,31,79,75,148,Boro Rice,,,,,,,,,,,,,,,
147,43,65,6.4,39,83.9,77,142,Boro Rice,,,,,,,,,,,,,,,
376,38,92,6.3,37,82.7,80,142,Boro Rice,,,,,,,,,,,,,,,
216,40,122,6.2,27,82.4,72,120,Boro Rice,,,,,,,,,,,,,,,
163,46,36,6.3,28,80.5,79,148,Boro Rice,,,,,,,,,,,,,,,
168,41,60,6.4,39,78.6,79,143,Boro Rice,,,,,,,,,,,,,,,
363,36,84,6.3,39,79.6,83,124,Boro Rice,,,,,,,,,,,,,,,
176,37,111,6.5,38,78,77,137,Boro Rice,,,,,,,,,,,,,,,
160,46,36,6.3,23,80.9,74,120,Boro Rice,,,,,,,,,,,,,,,
166,41,60,6.3,33,84.2,80,146,Boro Rice,,,,,,,,,,,,,,,
350,36,84,6.3,37,80.2,78,124,Boro Rice,,,,,,,,,,,,,,,
186,37,111,6.4,25,81.2,76,119,Boro Rice,,,,,,,,,,,,,,,
152,44,28,6.3,26,77,72,121,Boro Rice,,,,,,,,,,,,,,,
167,36,36,6.4,28,77.2,84,122,Boro Rice,,,,,,,,,,,,,,,
308,28,44,6.3,32,83.9,83,117,Boro Rice,,,,,,,,,,,,,,,
224,26,55,6.4,29,75.3,81,142,Boro Rice,,,,,,,,,,,,,,,
162,44,38,6.3,26,80,77,129,Boro Rice,,,,,,,,,,,,,,,
171,42,74,6.1,35,80.6,72,131,Boro Rice,,,,,,,,,,,,,,,
380,38,104,6.3,21,82,74,141,Boro Rice,,,,,,,,,,,,,,,
206,42,139,6.3,22,82.9,71,127,Boro Rice,,,,,,,,,,,,,,,
175,47,37,6.2,34,85,72,133,Boro Rice,,,,,,,,,,,,,,,
150,40,62,6.1,31,83.4,78,120,Boro Rice,,,,,,,,,,,,,,,
350,37,89,6.1,21,77.4,73,128,Boro Rice,,,,,,,,,,,,,,,
224,38,103,6.2,31,77.5,78,148,Boro Rice,,,,,,,,,,,,,,,
168,44,35,6.5,21,84,73,126,Boro Rice,,,,,,,,,,,,,,,
176,41,54,6.3,28,83.3,82,126,Boro Rice,,,,,,,,,,,,,,,
341,35,73,6.2,19,75.9,81,131,Boro Rice,,,,,,,,,,,,,,,
218,35,95,6.1,39,85,77,126,Boro Rice,,,,,,,,,,,,,,,
156,48,37,6.1,19,84.9,73,123,Boro Rice,,,,,,,,,,,,,,,
149,47,59,6.1,35,80,77,133,Boro Rice,,,,,,,,,,,,,,,
364,45,81,6.2,38,76.5,72,126,Boro Rice,,,,,,,,,,,,,,,
179,49,107,6.4,28,80.6,81,147,Boro Rice,,,,,,,,,,,,,,,
157,47,32,6.3,24,84.1,70,141,Boro Rice,,,,,,,,,,,,,,,
166,42,47,6.3,21,78.9,73,121,Boro Rice,,,,,,,,,,,,,,,
332,37,61,6.2,25,76.1,72,117,Boro Rice,,,,,,,,,,,,,,,
188,38,78,6.4,23,79,79,142,Boro Rice,,,,,,,,,,,,,,,
155,44,31,6.4,33,83.9,77,134,Boro Rice,,,,,,,,,,,,,,,
154,39,44,6.3,21,82.7,85,148,Boro Rice,,,,,,,,,,,,,,,
310,32,56,6.2,28,82.4,74,120,Boro Rice,,,,,,,,,,,,,,,
278,31,71,6.3,34,80.5,75,135,Boro Rice,,,,,,,,,,,,,,,
155,45,29,6.4,35,78.6,84,130,Boro Rice,,,,,,,,,,,,,,,
159,38,36,6.3,40,79.6,72,121,Boro Rice,,,,,,,,,,,,,,,
301,31,43,6.5,19,78,85,138,Boro Rice,,,,,,,,,,,,,,,
281,28,53,6.3,40,80.9,81,149,Boro Rice,,,,,,,,,,,,,,,
174,47,41,6.3,40,84.2,72,144,Boro Rice,,,,,,,,,,,,,,,
168,44,74,6.3,29,80.2,82,146,Boro Rice,,,,,,,,,,,,,,,
174,41,106,6.4,30,81.2,84,138,Boro Rice,,,,,,,,,,,,,,,
185,42,145,6.3,25,77,84,129,Boro Rice,,,,,,,,,,,,,,,
167,47,37,6.4,23,77.2,73,119,Boro Rice,,,,,,,,,,,,,,,
173,42,62,6.3,26,83.9,70,128,Boro Rice,,,,,,,,,,,,,,,
345,37,86,6.4,24,75.3,77,144,Boro Rice,,,,,,,,,,,,,,,
226.2,38,105,6.2,33,76.5,73,140,Boro Rice,,,,,,,,,,,,,,,
160,44,36,6.1,39,79.7,83,112,Boro Rice,,,,,,,,,,,,,,,
153,42,54,6.4,33,82.5,79,118,Boro Rice,,,,,,,,,,,,,,,
351,35,73,6.1,24,78.7,72,128,Boro Rice,,,,,,,,,,,,,,,
267,33,95,6.2,38,80.7,73,118,Boro Rice,,,,,,,,,,,,,,,
165,47,39,6.4,38,78.8,85,143,Boro Rice,,,,,,,,,,,,,,,
168,43,66,6.3,35,79.9,72,147,Boro Rice,,,,,,,,,,,,,,,
375,39,93,6.3,34,77.3,82,112,Boro Rice,,,,,,,,,,,,,,,
300,41,123,6.3,24,78.1,70,121,Boro Rice,,,,,,,,,,,,,,,
163,47,37,6.4,21,85,76,143,Boro Rice,,,,,,,,,,,,,,,
163,42,61,6.3,33,75.5,76,128,Boro Rice,,,,,,,,,,,,,,,
363,37,85,6.2,34,83.3,77,137,Boro Rice,,,,,,,,,,,,,,,
215.9,38,102,6.4,37,82.5,78,115,Boro Rice,,,,,,,,,,,,,,,
160,47,37,6.1,27,78.5,80,117,Boro Rice,,,,,,,,,,,,,,,
161,42,61,6.2,31,81.9,78,116,Boro Rice,,,,,,,,,,,,,,,
150,47,29,5,30,75,62,93,Calabash,,,,,,,,,,,,,,,
241,46,38,5.2,27,76.1,68,102,Calabash,,,,,,,,,,,,,,,
301,44,47,4.9,34,75.2,61,98,Calabash,,,,,,,,,,,,,,,
168,48,59,4.8,21,77.5,68,79,Calabash,,,,,,,,,,,,,,,
150,47,29,5.1,22,70.5,77,110,Calabash,,,,,,,,,,,,,,,
241,46,38,5.1,29,76.4,75,68,Calabash,,,,,,,,,,,,,,,
301,44,47,5.1,31,72.2,65,81,Calabash,,,,,,,,,,,,,,,
170,48,59,5.1,26,72.1,78,77,Calabash,,,,,,,,,,,,,,,
153,48,31,5,32,70.6,70,75,Calabash,,,,,,,,,,,,,,,
248,48,45,5.1,26,79.2,75,120,Calabash,,,,,,,,,,,,,,,
313,48,59,4.8,34,73.6,68,102,Calabash,,,,,,,,,,,,,,,
162,54,76,5.1,33,72,66,99,Calabash,,,,,,,,,,,,,,,
156,69,57,5,27,77.4,70,96,Calabash,,,,,,,,,,,,,,,
250,63,64,5.2,22,72.1,75,107,Calabash,,,,,,,,,,,,,,,
314.5,57,70,5.2,25,78,63,111,Calabash,,,,,,,,,,,,,,,
171,54.5,77,4.9,31,79.7,72,72,Calabash,,,,,,,,,,,,,,,
153,48,31,5.1,35,76.3,80,72,Calabash,,,,,,,,,,,,,,,
248,48,45,4.8,21,71.9,66,79,Calabash,,,,,,,,,,,,,,,
313,48,59,4.8,22,71.9,68,84,Calabash,,,,,,,,,,,,,,,
163,54,76,4.8,31,79.7,68,86,Calabash,,,,,,,,,,,,,,,
200,82,61,4.8,33,79.7,76,70,Calabash,,,,,,,,,,,,,,,
285,80,65,4.9,27,75.6,67,74,Calabash,,,,,,,,,,,,,,,
340,78,69,5.1,24,74.3,78,63,Calabash,,,,,,,,,,,,,,,
151,82,76,4.9,29,70.1,61,94,Calabash,,,,,,,,,,,,,,,
205,84,64,4.9,28,73.2,63,101,Calabash,,,,,,,,,,,,,,,
288,81,67,4.9,26,76.4,63,91,Calabash,,,,,,,,,,,,,,,
338,80,67,5.2,30,78.3,72,75,Calabash,,,,,,,,,,,,,,,
151,83,75,5.1,28,79.9,74,99,Calabash,,,,,,,,,,,,,,,
202,81,62,4.9,35,77.8,76,102,Calabash,,,,,,,,,,,,,,,
283,84,63,5.2,24,72.5,69,83,Calabash,,,,,,,,,,,,,,,
342,79,68,4.9,26,71.8,75,75,Calabash,,,,,,,,,,,,,,,
149,84,77,5.1,30,74.5,68,97,Calabash,,,,,,,,,,,,,,,
204,80,63,4.9,22,79.9,62,65,Calabash,,,,,,,,,,,,,,,
286,82,64,5.2,29,70.8,65,67,Calabash,,,,,,,,,,,,,,,
339,81,70,5.2,23,72.8,70,102,Calabash,,,,,,,,,,,,,,,
149,85,74,5.1,32,77.3,62,69,Calabash,,,,,,,,,,,,,,,
206,83,66,4.8,24,71.8,67,85,Calabash,,,,,,,,,,,,,,,
289,80,66,5.1,25,76.6,72,105,Calabash,,,,,,,,,,,,,,,
343,82,72,5.1,29,72.2,72,65,Calabash,,,,,,,,,,,,,,,
152,81,73,5,25,71.8,77,67,Calabash,,,,,,,,,,,,,,,
203,79,65,5.1,22,77.4,76,115,Calabash,,,,,,,,,,,,,,,
287,83,62,5.2,35,74.7,74,91,Calabash,,,,,,,,,,,,,,,
340,83,71,5,33,77.6,60,115,Calabash,,,,,,,,,,,,,,,
165,84,76,5,25,77.2,70,72,Calabash,,,,,,,,,,,,,,,
201,82,67,5,21,71.6,67,106,Calabash,,,,,,,,,,,,,,,
284,81,65,5.2,26,73.6,73,92,Calabash,,,,,,,,,,,,,,,
341,78,73,5.1,20,74,73,101,Calabash,,,,,,,,,,,,,,,
163,86,75,4.9,21,77,71,88,Calabash,,,,,,,,,,,,,,,
207,85,65,4.9,21,71.8,66,107,Calabash,,,,,,,,,,,,,,,
290,82,68,4.9,26,79.1,70,68,Calabash,,,,,,,,,,,,,,,
340,81,68,5,31,76.4,66,114,Calabash,,,,,,,,,,,,,,,
148,83,76,4.8,22,75.3,80,84,Calabash,,,,,,,,,,,,,,,
203,82,63,4.9,33,70.8,77,90,Calabash,,,,,,,,,,,,,,,
285,85,65,5.1,22,73,62,99,Calabash,,,,,,,,,,,,,,,
344,80,69,5.1,32,78.6,64,82,Calabash,,,,,,,,,,,,,,,
166,85,78,5.2,20,75.5,71,107,Calabash,,,,,,,,,,,,,,,
206,81,64,4.9,23,72.2,79,112,Calabash,,,,,,,,,,,,,,,
288,83,66,5.1,25,73.2,68,74,Calabash,,,,,,,,,,,,,,,
341,82,72,5.1,21,71.5,79,63,Calabash,,,,,,,,,,,,,,,
172,86,75,4.9,34,73.3,65,114,Calabash,,,,,,,,,,,,,,,
208,84,67,5,20,77.4,76,105,Calabash,,,,,,,,,,,,,,,
291,81,67,4.9,25,70.4,66,85,Calabash,,,,,,,,,,,,,,,
345,83,73,5.1,35,79.5,69,98,Calabash,,,,,,,,,,,,,,,
176,82,74,4.9,29,75.5,64,66,Calabash,,,,,,,,,,,,,,,
204,80,66,4.9,35,71.2,65,108,Calabash,,,,,,,,,,,,,,,
289,84,63,5.1,30,79.3,62,69,Calabash,,,,,,,,,,,,,,,
342,84,70,5.2,34,79.8,75,104,Calabash,,,,,,,,,,,,,,,
158,85,77,4.8,24,72,78,89,Calabash,,,,,,,,,,,,,,,
202,83,68,5,24,70.8,75,80,Calabash,,,,,,,,,,,,,,,
287,82,64,5,31,73.4,71,112,Calabash,,,,,,,,,,,,,,,
343,79,74,5,25,79.9,68,86,Calabash,,,,,,,,,,,,,,,
174,87,76,5.1,27,76,69,73,Calabash,,,,,,,,,,,,,,,
152,51,31,5,33,72.6,62,87,Calabash,,,,,,,,,,,,,,,
241,49,39,4.8,27,74,68,84,Calabash,,,,,,,,,,,,,,,
303,48,48,5,35,70.2,63,75,Calabash,,,,,,,,,,,,,,,
169,51,58,4.9,31,73.4,61,103,Calabash,,,,,,,,,,,,,,,
55,49,28,5,31,78.2,67,110,Calabash,,,,,,,,,,,,,,,
245,48,38,5.2,24,76.1,66,74,Calabash,,,,,,,,,,,,,,,
302,46,46,4.9,27,79.4,66,81,Calabash,,,,,,,,,,,,,,,
171,50,58,5,33,73.6,75,88,Calabash,,,,,,,,,,,,,,,
152,52,32,5.2,35,74.7,67,72,Calabash,,,,,,,,,,,,,,,
247,51,47,5,26,77.6,68,118,Calabash,,,,,,,,,,,,,,,
231,53,57,5,26,77.2,77,62,Calabash,,,,,,,,,,,,,,,
167,55,78,5,24,71.6,74,64,Calabash,,,,,,,,,,,,,,,
156,67,57,5.2,31,73.6,68,84,Calabash,,,,,,,,,,,,,,,
245,61,63,5.1,21,74,80,69,Calabash,,,,,,,,,,,,,,,
322,56,68,4.9,23,77,65,71,Calabash,,,,,,,,,,,,,,,
146,55,72,4.9,23,71.8,61,109,Calabash,,,,,,,,,,,,,,,
153,54,29,4.9,20,79.1,70,105,Calabash,,,,,,,,,,,,,,,
248,52,44,5,34,76.4,68,86,Calabash,,,,,,,,,,,,,,,
313,55,57,4.8,20,75.3,72,65,Calabash,,,,,,,,,,,,,,,
150,53,75,4.9,22,70.8,73,61,Calabash,,,,,,,,,,,,,,,
200,76,59,5.1,30,73,73,68,Calabash,,,,,,,,,,,,,,,
285,75,63,5.1,26,78.6,72,73,Calabash,,,,,,,,,,,,,,,
340,74,68,5.2,24,75.5,66,96,Calabash,,,,,,,,,,,,,,,
153,79,74,4.9,22,72.2,60,119,Calabash,,,,,,,,,,,,,,,
205,81,61,5.1,21,73.2,72,96,Calabash,,,,,,,,,,,,,,,
288,78,63,5.1,33,71.5,73,74,Calabash,,,,,,,,,,,,,,,
338,77,64,4.9,24,73.3,61,84,Calabash,,,,,,,,,,,,,,,
175,79,72,5,20,77.4,80,90,Calabash,,,,,,,,,,,,,,,
202,79,59,5,23,75,62,90,Calabash,,,,,,,,,,,,,,,
283,78,58,5.2,23,76.1,79,76,Calabash,,,,,,,,,,,,,,,
342,77,64,4.9,32,75.2,68,79,Calabash,,,,,,,,,,,,,,,
160,78,71,4.8,32,77.5,62,78,Calabash,,,,,,,,,,,,,,,
204,83,61,5.1,32,70.5,75,98,Calabash,,,,,,,,,,,,,,,
286,81,62,5.1,35,76.4,69,94,Calabash,,,,,,,,,,,,,,,
339,82,67,5.1,27,72.2,74,64,Calabash,,,,,,,,,,,,,,,
166,83,71,5.1,31,72.1,76,116,Calabash,,,,,,,,,,,,,,,
206,81,65,5,32,70.6,70,68,Calabash,,,,,,,,,,,,,,,
289,81,67,5.1,21,79.2,70,85,Calabash,,,,,,,,,,,,,,,
343,81,69,4.8,35,73.6,79,60,Calabash,,,,,,,,,,,,,,,
169,80,71,5.1,29,72,65,107,Calabash,,,,,,,,,,,,,,,
203,80,63,5,25,77.4,71,81,Calabash,,,,,,,,,,,,,,,
287,79,61,5.2,27,72.1,77,82,Calabash,,,,,,,,,,,,,,,
340,81,68,5.2,33,78,74,116,Calabash,,,,,,,,,,,,,,,
176,82,75,4.9,29,79.7,64,120,Calabash,,,,,,,,,,,,,,,
201,79,66,5.1,27,76.3,67,70,Calabash,,,,,,,,,,,,,,,
284,76,64,4.8,25,71.9,71,104,Calabash,,,,,,,,,,,,,,,
341,72,72,4.8,24,71.9,60,87,Calabash,,,,,,,,,,,,,,,
154,81,74,4.8,24,79.7,68,73,Calabash,,,,,,,,,,,,,,,
207,78,64,4.8,24,79.7,78,120,Calabash,,,,,,,,,,,,,,,
290,78,67,4.9,24,75.6,70,64,Calabash,,,,,,,,,,,,,,,
340,76,67,5.1,21,74.3,64,68,Calabash,,,,,,,,,,,,,,,
150,78,69,4.9,23,70.1,62,109,Calabash,,,,,,,,,,,,,,,
203,79,62,4.9,25,73.2,77,102,Calabash,,,,,,,,,,,,,,,
285,83,64,4.9,28,76.4,79,68,Calabash,,,,,,,,,,,,,,,
344,81,69,5.2,30,78.3,64,113,Calabash,,,,,,,,,,,,,,,
160,82,72,5.1,35,79.9,60,108,Calabash,,,,,,,,,,,,,,,
206,79,63,4.9,31,77.8,60,74,Calabash,,,,,,,,,,,,,,,
288,81,67,5.2,22,72.5,63,117,Calabash,,,,,,,,,,,,,,,
341,77,73,4.9,26,71.8,77,62,Calabash,,,,,,,,,,,,,,,
159,84,76,5.1,34,74.5,68,69,Calabash,,,,,,,,,,,,,,,
208,85,68,4.9,28,79.9,78,69,Calabash,,,,,,,,,,,,,,,
291,82,68,5.2,30,70.8,78,107,Calabash,,,,,,,,,,,,,,,
345,78,74,5.2,29,72.8,68,110,Calabash,,,,,,,,,,,,,,,
165,79,76,5.1,30,77.3,65,69,Calabash,,,,,,,,,,,,,,,
204,78,67,4.8,20,71.8,67,90,Calabash,,,,,,,,,,,,,,,
289,82,64,5.1,28,76.6,65,91,Calabash,,,,,,,,,,,,,,,
342,81,71,5.1,34,72.2,75,75,Calabash,,,,,,,,,,,,,,,
147,78,76,5,27,71.8,66,98,Calabash,,,,,,,,,,,,,,,
202,79,69,5.1,29,77.4,76,101,Calabash,,,,,,,,,,,,,,,
287,81,65,5.2,33,74.7,64,61,Calabash,,,,,,,,,,,,,,,
343,72,73,5,28,77.6,64,84,Calabash,,,,,,,,,,,,,,,
163,84,75,5,24,77.2,61,115,Calabash,,,,,,,,,,,,,,,
250,62,65,5,34,71.6,73,60,Calabash,,,,,,,,,,,,,,,
335,54,71,5.2,24,73.6,73,71,Calabash,,,,,,,,,,,,,,,
200,53,77,5.1,22,74,69,94,Calabash,,,,,,,,,,,,,,,
155,48,32,4.9,31,77,73,87,Calabash,,,,,,,,,,,,,,,
248,47,46,4.9,32,71.8,75,102,Calabash,,,,,,,,,,,,,,,
313,45,60,4.9,23,79.1,69,120,Calabash,,,,,,,,,,,,,,,
160,52,36,6.2,15,70,21,63,Cauliflower,,,,,,,,,,,,,,,
171,61,61,6.2,20,65.9,25,77,Cauliflower,,,,,,,,,,,,,,,
351,69,85,6.3,16,72.2,20,91,Cauliflower,,,,,,,,,,,,,,,
211.9,83,112,6.2,19,73,22,66,Cauliflower,,,,,,,,,,,,,,,
155,50,34,6.4,23,69.1,25,82,Cauliflower,,,,,,,,,,,,,,,
166,53,53,6.1,22,73.8,21,60,Cauliflower,,,,,,,,,,,,,,,
326,56,72,6.3,24,65.2,21,75,Cauliflower,,,,,,,,,,,,,,,
288,65,94,6.1,22,69.4,22,97,Cauliflower,,,,,,,,,,,,,,,
165,51,41,6.1,20,67.3,25,76,Cauliflower,,,,,,,,,,,,,,,
173,56,76,6.4,18,73.4,20,95,Cauliflower,,,,,,,,,,,,,,,
373,61,110,6.3,17,65.2,23,88,Cauliflower,,,,,,,,,,,,,,,
247,72,147,6.3,20,70.3,25,61,Cauliflower,,,,,,,,,,,,,,,
157,48,35,6.3,20,68.7,20,82,Cauliflower,,,,,,,,,,,,,,,
174,49,58,6.2,17,70,20,99,Cauliflower,,,,,,,,,,,,,,,
336,49,80,6.3,16,65.7,22,91,Cauliflower,,,,,,,,,,,,,,,
285,55,120,6.3,20,73.1,24,65,Cauliflower,,,,,,,,,,,,,,,
160,52,36,6.2,18,73.6,21,70,Cauliflower,,,,,,,,,,,,,,,
161,61,61,6.1,25,67.1,22,100,Cauliflower,,,,,,,,,,,,,,,
351,69,85,6.3,15,65,25,65,Cauliflower,,,,,,,,,,,,,,,
241,83,112,6.4,16,71.9,21,66,Cauliflower,,,,,,,,,,,,,,,
155,50,34,6.1,17,71.3,23,84,Cauliflower,,,,,,,,,,,,,,,
163,53,53,6.3,18,72.6,22,72,Cauliflower,,,,,,,,,,,,,,,
326,56,72,6.1,20,72.8,20,75,Cauliflower,,,,,,,,,,,,,,,
171,65,94,6.2,23,67.3,20,68,Cauliflower,,,,,,,,,,,,,,,
163,52,44,6.1,18,70.2,23,78,Cauliflower,,,,,,,,,,,,,,,
162,60,83,6.1,19,72.3,20,80,Cauliflower,,,,,,,,,,,,,,,
363,68,122,6.4,17,70.2,24,89,Cauliflower,,,,,,,,,,,,,,,
206,82,164,6.3,15,72.8,23,65,Cauliflower,,,,,,,,,,,,,,,
160,52,40,6.2,17,66.5,21,82,Cauliflower,,,,,,,,,,,,,,,
159,60,72,6.2,22,70.8,23,60,Cauliflower,,,,,,,,,,,,,,,
350,68,104,6.1,16,67,25,63,Cauliflower,,,,,,,,,,,,,,,
179,82,139,6.2,24,67.1,20,85,Cauliflower,,,,,,,,,,,,,,,
158,48,31,6,18,68.2,21,96,Cauliflower,,,,,,,,,,,,,,,
165,48,45,6.1,20,72.9,25,82,Cauliflower,,,,,,,,,,,,,,,
338,48,59,6.3,18,66.6,25,100,Cauliflower,,,,,,,,,,,,,,,
216,54,76,6.3,21,73.9,25,68,Cauliflower,,,,,,,,,,,,,,,
166,73,70,6.1,19,65.8,20,69,Cauliflower,,,,,,,,,,,,,,,
159,75,102,6.1,16,74,21,82,Cauliflower,,,,,,,,,,,,,,,
364.5,77,133,6.2,16,65.3,24,70,Cauliflower,,,,,,,,,,,,,,,
185,82.5,165,6.1,17,67.3,25,63,Cauliflower,,,,,,,,,,,,,,,
166,73,70,6.1,24,66.2,22,80,Cauliflower,,,,,,,,,,,,,,,
176,75,102,6.1,20,68.1,20,89,Cauliflower,,,,,,,,,,,,,,,
364.5,77,133,6.1,23,74.7,21,87,Cauliflower,,,,,,,,,,,,,,,
199,82.5,165,6.2,22,65.2,23,85,Cauliflower,,,,,,,,,,,,,,,
170,72,57,6.3,21,71.9,23,87,Cauliflower,,,,,,,,,,,,,,,
171,77,64,6.3,24,66.8,23,67,Cauliflower,,,,,,,,,,,,,,,
384.5,70,70,6.3,15,67.3,24,71,Cauliflower,,,,,,,,,,,,,,,
260,72.5,77,6.1,15,69.9,22,66,Cauliflower,,,,,,,,,,,,,,,
161,69,57,6.3,15,67.6,22,85,Cauliflower,,,,,,,,,,,,,,,
176,63,64,6.2,15,68.2,21,97,Cauliflower,,,,,,,,,,,,,,,
339.5,57,70,6.1,22,67.5,25,78,Cauliflower,,,,,,,,,,,,,,,
194,54.5,77,6.3,22,69.9,21,94,Cauliflower,,,,,,,,,,,,,,,
370,98,109,6,20,67.4,25,78,Cauliflower,,,,,,,,,,,,,,,
168,90,90,6.2,23,71.7,20,60,Cauliflower,,,,,,,,,,,,,,,
220,82,71,6.2,17,65,23,87,Cauliflower,,,,,,,,,,,,,,,
163,52,44,6,17,70.6,21,68,Cauliflower,,,,,,,,,,,,,,,
278,60,83,6,21,73.9,25,98,Cauliflower,,,,,,,,,,,,,,,
158,68,122,6.1,23,69.9,22,84,Cauliflower,,,,,,,,,,,,,,,
243,82,164,6.2,15,66.6,23,62,Cauliflower,,,,,,,,,,,,,,,
163,52,44,6.1,20,67.3,25,86,Cauliflower,,,,,,,,,,,,,,,
278,60,83,6.2,20,72.5,24,97,Cauliflower,,,,,,,,,,,,,,,
166,68,122,6.3,24,71.1,25,66,Cauliflower,,,,,,,,,,,,,,,
281,82,164,6.3,19,66.8,24,82,Cauliflower,,,,,,,,,,,,,,,
158,48,31,6.2,17,67.5,20,68,Cauliflower,,,,,,,,,,,,,,,
263,48,45,6.3,22,69.9,24,82,Cauliflower,,,,,,,,,,,,,,,
150,48,59,6,23,69,22,83,Cauliflower,,,,,,,,,,,,,,,
274,54,76,6.2,23,72.7,22,92,Cauliflower,,,,,,,,,,,,,,,
165,67,38,6.3,16,73.4,25,61,Cauliflower,,,,,,,,,,,,,,,
271,66,63,6.3,18,72.8,24,95,Cauliflower,,,,,,,,,,,,,,,
174,70,87,6.2,23,70.6,20,64,Cauliflower,,,,,,,,,,,,,,,
205,82,101,6.4,24,72,23,80,Cauliflower,,,,,,,,,,,,,,,
155,51,35,6.1,22,73.8,24,78,Cauliflower,,,,,,,,,,,,,,,
256,53,53,6.3,15,68.2,23,65,Cauliflower,,,,,,,,,,,,,,,
168,58,71,6.2,17,68.1,23,70,Cauliflower,,,,,,,,,,,,,,,
252,67,84,6.2,16,65.6,25,80,Cauliflower,,,,,,,,,,,,,,,
165,52,43,6.1,15,73.9,23,89,Cauliflower,,,,,,,,,,,,,,,
284,57,75,6.1,25,71.8,23,80,Cauliflower,,,,,,,,,,,,,,,
148,62,103,6.4,20,69.7,25,100,Cauliflower,,,,,,,,,,,,,,,
245,72,144,6,23,66.1,25,84,Cauliflower,,,,,,,,,,,,,,,
157,49,38,6.1,21,67,21,70,Cauliflower,,,,,,,,,,,,,,,
262,51,59,6.1,25,69.4,23,72,Cauliflower,,,,,,,,,,,,,,,
171,58,121,6.1,24,67.3,20,84,Cauliflower,,,,,,,,,,,,,,,
273,55,123,6.4,24,73.4,23,71,Cauliflower,,,,,,,,,,,,,,,
160,53,38,6.3,21,65.2,21,89,Cauliflower,,,,,,,,,,,,,,,
271,62,62,6.3,19,70.3,21,75,Cauliflower,,,,,,,,,,,,,,,
150,71,87,6.3,24,68.7,20,81,Cauliflower,,,,,,,,,,,,,,,
197,84,78,6.2,21,70,20,67,Cauliflower,,,,,,,,,,,,,,,
155,51,35,6.3,24,65.7,21,88,Cauliflower,,,,,,,,,,,,,,,
256,54,53,6.3,15,73.1,24,78,Cauliflower,,,,,,,,,,,,,,,
160,57,72,6.2,21,73.6,20,63,Cauliflower,,,,,,,,,,,,,,,
221,66,92,6.1,15,67.1,24,61,Cauliflower,,,,,,,,,,,,,,,
163,53,44,6.3,15,65,25,60,Cauliflower,,,,,,,,,,,,,,,
278,62,84,6.4,25,71.9,24,72,Cauliflower,,,,,,,,,,,,,,,
176,69,73,6.1,21,71.3,22,67,Cauliflower,,,,,,,,,,,,,,,
289,81,54,6.3,25,72.6,22,73,Cauliflower,,,,,,,,,,,,,,,
160,53,42,6.1,25,72.8,25,70,Cauliflower,,,,,,,,,,,,,,,
270,61,71,6.2,15,67.3,23,95,Cauliflower,,,,,,,,,,,,,,,
155,67,94,6.1,20,70.2,22,88,Cauliflower,,,,,,,,,,,,,,,
280,81,79,6.1,21,72.3,24,74,Cauliflower,,,,,,,,,,,,,,,
158,45,31,6.4,19,70.2,20,82,Cauliflower,,,,,,,,,,,,,,,
263,49,45,6.2,19,70,24,70,Cauliflower,,,,,,,,,,,,,,,
152,47,59,6.2,25,65.9,20,96,Cauliflower,,,,,,,,,,,,,,,
261,55,76,6.3,20,72.2,25,61,Cauliflower,,,,,,,,,,,,,,,
166,74,71,6.2,23,73,24,62,Cauliflower,,,,,,,,,,,,,,,
280,76,82,6.4,18,69.1,23,85,Cauliflower,,,,,,,,,,,,,,,
167,81,93,6.1,18,73.8,21,87,Cauliflower,,,,,,,,,,,,,,,
271,78,94,6.3,19,65.2,20,61,Cauliflower,,,,,,,,,,,,,,,
166,74,71,6.1,21,69.4,24,62,Cauliflower,,,,,,,,,,,,,,,
280,76,92,6.1,16,67.3,21,72,Cauliflower,,,,,,,,,,,,,,,
149,78,92,6.4,19,73.4,22,67,Cauliflower,,,,,,,,,,,,,,,
226,83,95,6.3,23,65.2,24,72,Cauliflower,,,,,,,,,,,,,,,
170,73,57,6.3,19,70.3,23,96,Cauliflower,,,,,,,,,,,,,,,
292,78,63,6.3,22,68.7,21,99,Cauliflower,,,,,,,,,,,,,,,
151,71,71,6.2,17,70,21,76,Cauliflower,,,,,,,,,,,,,,,
181,74,77,6.3,15,65.7,23,92,Cauliflower,,,,,,,,,,,,,,,
161,68,59,6.3,20,73.1,20,73,Cauliflower,,,,,,,,,,,,,,,
265,62,65,6.2,15,73.6,21,77,Cauliflower,,,,,,,,,,,,,,,
173,56,71,6.1,25,67.1,22,89,Cauliflower,,,,,,,,,,,,,,,
215.8,64,73,6.3,15,65,21,96,Cauliflower,,,,,,,,,,,,,,,
370,99,89,6.4,15,71.9,23,65,Cauliflower,,,,,,,,,,,,,,,
310,92,91,6.1,19,71.3,25,90,Cauliflower,,,,,,,,,,,,,,,
173,83,82,6.3,19,72.6,24,89,Cauliflower,,,,,,,,,,,,,,,
163,53,64,6.1,25,72.8,22,93,Cauliflower,,,,,,,,,,,,,,,
278,61,87,6.2,23,67.3,22,93,Cauliflower,,,,,,,,,,,,,,,
363,67,92,6.1,23,70.2,23,72,Cauliflower,,,,,,,,,,,,,,,
157,81,94,6.1,18,72.3,24,84,Cauliflower,,,,,,,,,,,,,,,
163,53,45,6.4,25,70.2,23,70,Cauliflower,,,,,,,,,,,,,,,
278,62,83,6.3,19,72.8,20,82,Cauliflower,,,,,,,,,,,,,,,
363,69,92,6.2,22,66.5,22,75,Cauliflower,,,,,,,,,,,,,,,
163,83,94,6.2,18,70.8,24,95,Cauliflower,,,,,,,,,,,,,,,
158,51,31,6.1,20,67,25,93,Cauliflower,,,,,,,,,,,,,,,
263,49,39,6.2,15,67.1,23,61,Cauliflower,,,,,,,,,,,,,,,
338,49,58,6,24,68.2,21,68,Cauliflower,,,,,,,,,,,,,,,
154,55,74,6.1,17,72.9,23,87,Cauliflower,,,,,,,,,,,,,,,
351,70,86,6.3,19,66.6,24,96,Cauliflower,,,,,,,,,,,,,,,
195.7,84,96,6.3,19,73.9,20,72,Cauliflower,,,,,,,,,,,,,,,
155,51,35,6.1,15,65.8,20,78,Cauliflower,,,,,,,,,,,,,,,
150,54,54,6.1,24,74,21,64,Cauliflower,,,,,,,,,,,,,,,
326,57,71,6.2,21,65.3,25,65,Cauliflower,,,,,,,,,,,,,,,
396,66,93,6.1,19,67.3,25,99,Cauliflower,,,,,,,,,,,,,,,
165,52,42,6.1,18,66.2,24,78,Cauliflower,,,,,,,,,,,,,,,
155,57,75,6.1,25,68.1,23,100,Cauliflower,,,,,,,,,,,,,,,
373,62,95,6.1,21,74.7,24,80,Cauliflower,,,,,,,,,,,,,,,
292,43,98,6.2,17,65.2,25,87,Cauliflower,,,,,,,,,,,,,,,
157,49,34,6.3,15,71.9,20,88,Cauliflower,,,,,,,,,,,,,,,
148,51,56,6.3,25,66.8,21,78,Cauliflower,,,,,,,,,,,,,,,
336,50,81,6.3,24,67.3,24,66,Cauliflower,,,,,,,,,,,,,,,
216,56,92,6.1,21,69.9,22,73,Cauliflower,,,,,,,,,,,,,,,
160,53,38,6.3,25,67.6,23,72,Cauliflower,,,,,,,,,,,,,,,
158,60,81,6.2,16,68.2,24,70,Cauliflower,,,,,,,,,,,,,,,
156,47,35,6.2,24,77.5,72,156,Colocasia leaves,,,,,,,,,,,,,,,
258,44,56,6.2,27,78.2,69,193,Colocasia leaves,,,,,,,,,,,,,,,
330,41,77,6.1,24,79.5,62,125,Colocasia leaves,,,,,,,,,,,,,,,
156,44,101,6.1,34,72.5,76,241,Colocasia leaves,,,,,,,,,,,,,,,
155,48,37,6.3,33,81.6,69,191,Colocasia leaves,,,,,,,,,,,,,,,
255,48,63,6.4,35,76.7,70,186,Colocasia leaves,,,,,,,,,,,,,,,
325,48,89,6.2,28,81.5,65,138,Colocasia leaves,,,,,,,,,,,,,,,
170,54,118,6.3,31,79.9,72,168,Colocasia leaves,,,,,,,,,,,,,,,
159,68,61,6.4,31,76.8,80,140,Colocasia leaves,,,,,,,,,,,,,,,
260,59,75,6.2,25,78.5,76,191,Colocasia leaves,,,,,,,,,,,,,,,
331.5,50,88,6.3,25,81.5,70,134,Colocasia leaves,,,,,,,,,,,,,,,
157,44.5,102,6.1,21,79.3,62,226,Colocasia leaves,,,,,,,,,,,,,,,
158,69,63,6.2,35,80.8,77,185,Colocasia leaves,,,,,,,,,,,,,,,
257,63,82,6.1,27,82.2,69,197,Colocasia leaves,,,,,,,,,,,,,,,
326.5,57,100,6.4,24,75.3,65,155,Colocasia leaves,,,,,,,,,,,,,,,
166,54.5,119,6.3,29,76,68,240,Colocasia leaves,,,,,,,,,,,,,,,
156,47,35,6.1,26,77,67,171,Colocasia leaves,,,,,,,,,,,,,,,
258,44,56,6.4,28,81.2,72,136,Colocasia leaves,,,,,,,,,,,,,,,
330,41,77,6.4,29,80.9,77,169,Colocasia leaves,,,,,,,,,,,,,,,
149,44,101,6.1,28,78.8,70,152,Colocasia leaves,,,,,,,,,,,,,,,
155,48,37,6.4,32,72.7,73,141,Colocasia leaves,,,,,,,,,,,,,,,
255,48,63,6.4,23,76,62,214,Colocasia leaves,,,,,,,,,,,,,,,
325,48,89,6.3,25,80,76,215,Colocasia leaves,,,,,,,,,,,,,,,
173,54,118,6.2,24,74.6,71,136,Colocasia leaves,,,,,,,,,,,,,,,
220,92,121,6.1,22,74,76,154,Colocasia leaves,,,,,,,,,,,,,,,
310,90,125,6.2,26,79.4,68,176,Colocasia leaves,,,,,,,,,,,,,,,
370,88,129,6.1,21,73.3,73,186,Colocasia leaves,,,,,,,,,,,,,,,
167,92,136,6.2,33,74.8,69,148,Colocasia leaves,,,,,,,,,,,,,,,
222,90,123,6.3,31,80.9,60,166,Colocasia leaves,,,,,,,,,,,,,,,
308,92,123,6.1,28,73,68,203,Colocasia leaves,,,,,,,,,,,,,,,
368,90,131,6.1,26,76.5,62,124,Colocasia leaves,,,,,,,,,,,,,,,
166,90,138,6.1,32,74.5,75,174,Colocasia leaves,,,,,,,,,,,,,,,
218,91,119,6.3,25,73.2,62,241,Colocasia leaves,,,,,,,,,,,,,,,
312,88,127,6.3,28,82.3,80,193,Colocasia leaves,,,,,,,,,,,,,,,
371,87,128,6.3,25,77,61,241,Colocasia leaves,,,,,,,,,,,,,,,
155,93,131,6.1,34,82.3,73,157,Colocasia leaves,,,,,,,,,,,,,,,
223,89,122,6.2,23,78.6,72,208,Colocasia leaves,,,,,,,,,,,,,,,
309,93,124,6.1,24,76.4,67,159,Colocasia leaves,,,,,,,,,,,,,,,
373,89,130,6.1,22,76.8,62,193,Colocasia leaves,,,,,,,,,,,,,,,
161,91,135,6.3,28,75,76,222,Colocasia leaves,,,,,,,,,,,,,,,
224,93,124,6.4,30,79.1,73,229,Colocasia leaves,,,,,,,,,,,,,,,
307,89,122,6.3,34,78.4,66,157,Colocasia leaves,,,,,,,,,,,,,,,
367,86,127,6.1,30,81,73,207,Colocasia leaves,,,,,,,,,,,,,,,
160,88,132,6.2,26,77.5,68,120,Colocasia leaves,,,,,,,,,,,,,,,
220,94,126,6.3,29,74.7,62,192,Colocasia leaves,,,,,,,,,,,,,,,
311,91,126,6.1,22,80.2,68,224,Colocasia leaves,,,,,,,,,,,,,,,
369,85,133,6.4,27,75.7,78,133,Colocasia leaves,,,,,,,,,,,,,,,
168,89,136,6.3,31,81.7,62,189,Colocasia leaves,,,,,,,,,,,,,,,
223,91,125,6.3,30,75.7,68,134,Colocasia leaves,,,,,,,,,,,,,,,
310,93,125,6.4,22,73.7,74,222,Colocasia leaves,,,,,,,,,,,,,,,
370,91,133,6.4,29,73.5,77,217,Colocasia leaves,,,,,,,,,,,,,,,
170,91,140,6.1,32,76.4,71,141,Colocasia leaves,,,,,,,,,,,,,,,
220,92,121,6.3,32,80.4,65,213,Colocasia leaves,,,,,,,,,,,,,,,
314,89,129,6.3,31,81.3,67,120,Colocasia leaves,,,,,,,,,,,,,,,
373,88,130,6.4,22,73.6,80,231,Colocasia leaves,,,,,,,,,,,,,,,
167,94,133,6.4,22,75.8,67,139,Colocasia leaves,,,,,,,,,,,,,,,
225,90,124,6.3,30,73.7,70,233,Colocasia leaves,,,,,,,,,,,,,,,
311,94,126,6.1,31,80.4,68,207,Colocasia leaves,,,,,,,,,,,,,,,
374,90,132,6.3,25,80.3,79,235,Colocasia leaves,,,,,,,,,,,,,,,
162,92,137,6.3,25,75.6,70,158,Colocasia leaves,,,,,,,,,,,,,,,
226,94,126,6.1,22,73.6,63,157,Colocasia leaves,,,,,,,,,,,,,,,
309,90,124,6.3,35,76.3,72,217,Colocasia leaves,,,,,,,,,,,,,,,
369,87,129,6.1,27,81,63,218,Colocasia leaves,,,,,,,,,,,,,,,
148,89,134,6.2,27,74,76,160,Colocasia leaves,,,,,,,,,,,,,,,
221,95,128,6.4,31,79.5,77,157,Colocasia leaves,,,,,,,,,,,,,,,
313,92,128,6.3,29,81.1,75,184,Colocasia leaves,,,,,,,,,,,,,,,
371,86,134,6.3,34,81.2,72,152,Colocasia leaves,,,,,,,,,,,,,,,
169,90,137,6.4,30,80.7,77,250,Colocasia leaves,,,,,,,,,,,,,,,
156,49,36,6.2,28,81.9,69,159,Colocasia leaves,,,,,,,,,,,,,,,
258,46,57,6.4,34,79.5,62,160,Colocasia leaves,,,,,,,,,,,,,,,
330,40,79,6.3,23,76.1,72,241,Colocasia leaves,,,,,,,,,,,,,,,
166,43,103,6.2,35,81.8,72,160,Colocasia leaves,,,,,,,,,,,,,,,
155,48,39,6.2,24,75.1,61,127,Colocasia leaves,,,,,,,,,,,,,,,
255,50,65,6.3,35,75.1,63,168,Colocasia leaves,,,,,,,,,,,,,,,
325,49,91,6.2,24,73.2,75,180,Colocasia leaves,,,,,,,,,,,,,,,
164,53,120,6.1,27,76.9,71,130,Colocasia leaves,,,,,,,,,,,,,,,
159,70,63,6.3,27,78.8,80,189,Colocasia leaves,,,,,,,,,,,,,,,
260,60,77,6.3,33,77,71,207,Colocasia leaves,,,,,,,,,,,,,,,
331.5,49,90,6.3,23,74,80,231,Colocasia leaves,,,,,,,,,,,,,,,
157,46,105,6.4,34,72.8,60,177,Colocasia leaves,,,,,,,,,,,,,,,
158,71,65,6.1,28,73,69,168,Colocasia leaves,,,,,,,,,,,,,,,
257,64,84,6.1,32,76.5,76,196,Colocasia leaves,,,,,,,,,,,,,,,
326.5,58,102,6.1,29,74.5,67,143,Colocasia leaves,,,,,,,,,,,,,,,
171,55,120,6.3,23,73.2,61,201,Colocasia leaves,,,,,,,,,,,,,,,
156,48,36,6.3,31,82.3,80,224,Colocasia leaves,,,,,,,,,,,,,,,
258,44,57,6.3,26,77,67,210,Colocasia leaves,,,,,,,,,,,,,,,
330,42,78,6.1,26,82.3,71,147,Colocasia leaves,,,,,,,,,,,,,,,
157,43,102,6.2,35,78.6,78,122,Colocasia leaves,,,,,,,,,,,,,,,
155,49,38,6.1,33,76.4,66,204,Colocasia leaves,,,,,,,,,,,,,,,
255,51,64,6.1,34,76.8,68,142,Colocasia leaves,,,,,,,,,,,,,,,
325,52,91,6.3,29,75,71,225,Colocasia leaves,,,,,,,,,,,,,,,
159,51,119,6.4,30,79.1,65,159,Colocasia leaves,,,,,,,,,,,,,,,
220,92,122,6.3,30,78.4,76,144,Colocasia leaves,,,,,,,,,,,,,,,
310,91,126,6.1,34,81,75,150,Colocasia leaves,,,,,,,,,,,,,,,
370,87,130,6.2,34,77.5,62,220,Colocasia leaves,,,,,,,,,,,,,,,
153,89,137,6.3,28,74.7,72,150,Colocasia leaves,,,,,,,,,,,,,,,
222,89,124,6.1,29,80.2,64,213,Colocasia leaves,,,,,,,,,,,,,,,
308,81,132,6.4,27,75.7,78,241,Colocasia leaves,,,,,,,,,,,,,,,
368,82,33,6.3,30,81.7,70,163,Colocasia leaves,,,,,,,,,,,,,,,
172,92,132,6.3,25,75.7,78,211,Colocasia leaves,,,,,,,,,,,,,,,
218,80,120,6.2,27,77.5,76,236,Colocasia leaves,,,,,,,,,,,,,,,
312,89,124,6.2,32,78.2,79,238,Colocasia leaves,,,,,,,,,,,,,,,
371,85,127,6.1,21,79.5,74,204,Colocasia leaves,,,,,,,,,,,,,,,
155,92,128,6.1,22,72.5,64,235,Colocasia leaves,,,,,,,,,,,,,,,
223,88,121,6.3,34,81.6,71,243,Colocasia leaves,,,,,,,,,,,,,,,
309,92,125,6.4,27,76.7,72,157,Colocasia leaves,,,,,,,,,,,,,,,
373,87,139,6.2,29,81.5,60,160,Colocasia leaves,,,,,,,,,,,,,,,
149,89,136,6.3,25,79.9,67,180,Colocasia leaves,,,,,,,,,,,,,,,
224,86,125,6.4,30,76.8,78,185,Colocasia leaves,,,,,,,,,,,,,,,
307,87,124,6.2,23,78.5,77,229,Colocasia leaves,,,,,,,,,,,,,,,
367,85,26,6.3,27,81.5,64,229,Colocasia leaves,,,,,,,,,,,,,,,
174,86,129,6.1,33,79.3,73,212,Colocasia leaves,,,,,,,,,,,,,,,
220,92,124,6.2,30,80.8,75,232,Colocasia leaves,,,,,,,,,,,,,,,
311,89,128,6.1,22,82.2,69,127,Colocasia leaves,,,,,,,,,,,,,,,
369,84,132,6.4,33,75.3,60,169,Colocasia leaves,,,,,,,,,,,,,,,
174,88,135,6.3,27,76,78,175,Colocasia leaves,,,,,,,,,,,,,,,
223,89,126,6.1,25,77,77,129,Colocasia leaves,,,,,,,,,,,,,,,
310,92,127,6.4,28,81.2,79,229,Colocasia leaves,,,,,,,,,,,,,,,
370,90,129,6.4,27,80.9,77,233,Colocasia leaves,,,,,,,,,,,,,,,
147,93,139,6.1,34,78.8,67,247,Colocasia leaves,,,,,,,,,,,,,,,
220,93,119,6.4,25,72.7,68,241,Colocasia leaves,,,,,,,,,,,,,,,
314,88,128,6.4,32,76,62,247,Colocasia leaves,,,,,,,,,,,,,,,
373,89,129,6.3,34,80,69,233,Colocasia leaves,,,,,,,,,,,,,,,
154,92,131,6.2,34,74.6,80,142,Colocasia leaves,,,,,,,,,,,,,,,
225,91,123,6.1,31,74,62,153,Colocasia leaves,,,,,,,,,,,,,,,
311,93,125,6.2,29,79.4,65,205,Colocasia leaves,,,,,,,,,,,,,,,
374,92,131,6.1,24,73.3,68,240,Colocasia leaves,,,,,,,,,,,,,,,
169,93,136,6.2,33,74.8,64,162,Colocasia leaves,,,,,,,,,,,,,,,
226,92,125,6.3,26,80.9,63,212,Colocasia leaves,,,,,,,,,,,,,,,
309,92,123,6.1,26,73,60,171,Colocasia leaves,,,,,,,,,,,,,,,
369,88,128,6.1,21,76.5,62,187,Colocasia leaves,,,,,,,,,,,,,,,
163,89,133,6.1,34,74.5,62,192,Colocasia leaves,,,,,,,,,,,,,,,
221,94,30,6.3,29,73.2,77,145,Colocasia leaves,,,,,,,,,,,,,,,
313,93,129,6.3,34,82.3,74,169,Colocasia leaves,,,,,,,,,,,,,,,
371,87,135,6.3,23,77,66,222,Colocasia leaves,,,,,,,,,,,,,,,
167,89,138,6.1,30,82.3,60,157,Colocasia leaves,,,,,,,,,,,,,,,
156,48,36,6.2,22,78.6,61,194,Colocasia leaves,,,,,,,,,,,,,,,
258,47,57,6.1,28,76.4,64,234,Colocasia leaves,,,,,,,,,,,,,,,
330,42,78,6.1,32,76.8,76,145,Colocasia leaves,,,,,,,,,,,,,,,
150,43,102,6.3,31,75,74,148,Colocasia leaves,,,,,,,,,,,,,,,
155,47,38,6.4,33,79.1,71,151,Colocasia leaves,,,,,,,,,,,,,,,
255,46,64,6.3,23,78.4,62,122,Colocasia leaves,,,,,,,,,,,,,,,
325,49,88,6.1,31,81,79,191,Colocasia leaves,,,,,,,,,,,,,,,
159,53,117,6.2,25,77.5,63,222,Colocasia leaves,,,,,,,,,,,,,,,
220,91,120,6.3,32,74.7,65,191,Colocasia leaves,,,,,,,,,,,,,,,
310,89,124,6.1,22,80.2,74,153,Colocasia leaves,,,,,,,,,,,,,,,
370,88,128,6.4,26,75.7,63,150,Colocasia leaves,,,,,,,,,,,,,,,
167,91,135,6.3,35,81.7,61,136,Colocasia leaves,,,,,,,,,,,,,,,
222,88,121,6.3,34,75.7,75,178,Colocasia leaves,,,,,,,,,,,,,,,
308,87,124,6.4,24,73.7,68,239,Colocasia leaves,,,,,,,,,,,,,,,
178,52,41,5.8,32,70,73,72,Corn,,,,,,,,,,,,,,,
168,61,76,5.7,26,72.5,66,64,Corn,,,,,,,,,,,,,,,
185,69,110,5.8,32,74.1,72,55,Corn,,,,,,,,,,,,,,,
185,83,147,5.9,28,67,68,62,Corn,,,,,,,,,,,,,,,
163,48,33,5.9,29,67.9,51,68,Corn,,,,,,,,,,,,,,,
168,49,52,5.7,19,73.9,73,66,Corn,,,,,,,,,,,,,,,
363,49,70,6,28,72.4,57,62,Corn,,,,,,,,,,,,,,,
180,55,91,5.9,18,70.6,71,64,Corn,,,,,,,,,,,,,,,
160,48,35,5.9,19,68,63,53,Corn,,,,,,,,,,,,,,,
176,47,58,5.8,30,71.7,60,62,Corn,,,,,,,,,,,,,,,
350,46,80,5.6,31,74.3,75,62,Corn,,,,,,,,,,,,,,,
239,51,105,5.8,26,74.7,51,59,Corn,,,,,,,,,,,,,,,
154,46,31,5.8,29,65.3,55,72,Corn,,,,,,,,,,,,,,,
148,43,46,5.7,24,70.1,61,62,Corn,,,,,,,,,,,,,,,
321,39,60,6,24,68.6,58,61,Corn,,,,,,,,,,,,,,,
259.6,41,77,5.7,22,66.1,54,70,Corn,,,,,,,,,,,,,,,
178,52,41,5.7,29,72.6,57,74,Corn,,,,,,,,,,,,,,,
165,61,76,5.9,19,71.4,60,74,Corn,,,,,,,,,,,,,,,
238,69,110,5.8,18,70.5,57,69,Corn,,,,,,,,,,,,,,,
170,83,147,6,29,67.3,58,55,Corn,,,,,,,,,,,,,,,
163,48,33,5.7,24,68.9,56,58,Corn,,,,,,,,,,,,,,,
154,49,52,5.7,24,73.5,74,53,Corn,,,,,,,,,,,,,,,
363,49,70,5.8,22,66.8,63,69,Corn,,,,,,,,,,,,,,,
258,55,91,5.9,24,68.1,64,67,Corn,,,,,,,,,,,,,,,
183,55,41,5.9,27,69.8,63,71,Corn,,,,,,,,,,,,,,,
150,68,75,5.9,19,67.7,53,50,Corn,,,,,,,,,,,,,,,
244.6,81,109,5.9,19,71,63,71,Corn,,,,,,,,,,,,,,,
241,100,146,5.7,19,74.8,67,59,Corn,,,,,,,,,,,,,,,
165,50,37,5.7,21,65.4,68,55,Corn,,,,,,,,,,,,,,,
175,54,63,5.7,29,72,60,74,Corn,,,,,,,,,,,,,,,
375,98,89,5.7,20,69.9,64,71,Corn,,,,,,,,,,,,,,,
300,68,118,6,19,71.1,59,59,Corn,,,,,,,,,,,,,,,
160,48,34,5.7,23,74,57,68,Corn,,,,,,,,,,,,,,,
146,48,53,5.7,28,74.7,55,75,Corn,,,,,,,,,,,,,,,
350,48,72,5.7,28,74.5,50,68,Corn,,,,,,,,,,,,,,,
191,54,94,5.9,29,71.7,73,72,Corn,,,,,,,,,,,,,,,
160,48,35,5.7,19,69.6,67,68,Corn,,,,,,,,,,,,,,,
150,34,25,5.8,18,72.1,51,73,Corn,,,,,,,,,,,,,,,
363,49,70,5.9,28,68.4,68,70,Corn,,,,,,,,,,,,,,,
201,55,91,5.6,27,68.1,50,70,Corn,,,,,,,,,,,,,,,
234,107,61,5.9,30,74.8,75,56,Corn,,,,,,,,,,,,,,,
162,70,47,6,32,70.3,68,60,Corn,,,,,,,,,,,,,,,
272,38,25,5.9,28,66.5,72,69,Corn,,,,,,,,,,,,,,,
234,32,21,5.9,18,70.7,70,63,Corn,,,,,,,,,,,,,,,
266.5,91,112,5.6,24,67,69,52,Corn,,,,,,,,,,,,,,,
167,86.5,128,5.8,29,72.3,61,70,Corn,,,,,,,,,,,,,,,
273,45,48,5.8,32,66.2,50,71,Corn,,,,,,,,,,,,,,,
209,45,63,5.6,18,68.4,74,53,Corn,,,,,,,,,,,,,,,
241.5,81,95,5.7,18,74.7,61,63,Corn,,,,,,,,,,,,,,,
170,72.5,104,6,19,68.2,64,69,Corn,,,,,,,,,,,,,,,
207,69,110,5.7,28,74.2,60,55,Corn,,,,,,,,,,,,,,,
232.4,83,147,5.7,21,71.2,67,64,Corn,,,,,,,,,,,,,,,
156,48,35,5.6,22,67,72,61,Corn,,,,,,,,,,,,,,,
155,34,25,5.7,23,74.4,68,55,Corn,,,,,,,,,,,,,,,
321,39,60,5.6,27,72,73,75,Corn,,,,,,,,,,,,,,,
188,41,77,6,29,70.1,53,75,Corn,,,,,,,,,,,,,,,
183,55,41,5.6,20,71.5,53,56,Corn,,,,,,,,,,,,,,,
151,68,75,5.8,26,71.2,69,60,Corn,,,,,,,,,,,,,,,
200,81,109,5.6,19,70,68,75,Corn,,,,,,,,,,,,,,,
239,100,146,6,21,69.7,57,65,Corn,,,,,,,,,,,,,,,
165,50,37,5.7,22,69.4,75,73,Corn,,,,,,,,,,,,,,,
161,54,63,5.8,22,72.3,64,74,Corn,,,,,,,,,,,,,,,
375,58,89,6,23,65.5,64,57,Corn,,,,,,,,,,,,,,,
177.3,68,118,5.7,27,67.3,65,57,Corn,,,,,,,,,,,,,,,
160,48,34,5.7,27,72.1,70,53,Corn,,,,,,,,,,,,,,,
146,48,53,5.7,18,69.3,75,70,Corn,,,,,,,,,,,,,,,
350,48,72,5.9,26,74.8,66,74,Corn,,,,,,,,,,,,,,,
186,54,94,5.6,27,69.3,65,71,Corn,,,,,,,,,,,,,,,
178,53,43,5.9,27,65.7,71,71,Corn,,,,,,,,,,,,,,,
176,62,77,5.7,25,73.2,70,70,Corn,,,,,,,,,,,,,,,
282,67,113,5.7,29,72.9,62,62,Corn,,,,,,,,,,,,,,,
265,86,145,5.6,29,70.5,75,54,Corn,,,,,,,,,,,,,,,
163,51,34,5.6,26,69.5,52,53,Corn,,,,,,,,,,,,,,,
151,52,53,6,24,66.9,54,55,Corn,,,,,,,,,,,,,,,
363,52,72,5.7,25,67.6,65,68,Corn,,,,,,,,,,,,,,,
235.5,54,92,6,20,65.6,70,50,Corn,,,,,,,,,,,,,,,
160,49,37,5.9,27,70.1,60,73,Corn,,,,,,,,,,,,,,,
147,51,59,5.7,20,65.2,53,73,Corn,,,,,,,,,,,,,,,
350,47,82,5.6,19,70.3,53,50,Corn,,,,,,,,,,,,,,,
203,49,107,5.6,27,68.4,75,66,Corn,,,,,,,,,,,,,,,
154,47,32,5.7,30,73.5,68,70,Corn,,,,,,,,,,,,,,,
151,44,47,5.8,23,66.8,53,61,Corn,,,,,,,,,,,,,,,
321,40,61,5.9,28,68.1,60,72,Corn,,,,,,,,,,,,,,,
389,42,78,5.9,23,69.8,59,67,Corn,,,,,,,,,,,,,,,
178,49,42,5.9,19,67.7,71,58,Corn,,,,,,,,,,,,,,,
170,63,77,5.9,28,71,64,51,Corn,,,,,,,,,,,,,,,
255,72,112,5.7,28,74.8,72,73,Corn,,,,,,,,,,,,,,,
212,84,139,5.7,32,65.4,51,75,Corn,,,,,,,,,,,,,,,
163,48,35,5.7,32,72,56,50,Corn,,,,,,,,,,,,,,,
166,48,62,5.7,25,69.9,70,68,Corn,,,,,,,,,,,,,,,
363,51,72,6,24,71.1,58,67,Corn,,,,,,,,,,,,,,,
219.8,56,93,5.7,31,74,58,53,Corn,,,,,,,,,,,,,,,
183,57,44,5.7,24,74.7,63,74,Corn,,,,,,,,,,,,,,,
165,68,76,5.7,19,74.5,73,60,Corn,,,,,,,,,,,,,,,
228,79,107,5.9,29,71.7,75,56,Corn,,,,,,,,,,,,,,,
184,97,136,5.7,25,69.6,57,64,Corn,,,,,,,,,,,,,,,
165,48,39,5.8,19,72.1,53,52,Corn,,,,,,,,,,,,,,,
157,52,65,5.9,21,68.4,64,61,Corn,,,,,,,,,,,,,,,
375,96,87,5.6,25,68.1,60,72,Corn,,,,,,,,,,,,,,,
216,59,120,5.9,23,74.8,54,59,Corn,,,,,,,,,,,,,,,
160,52,33,5.8,23,70,73,71,Corn,,,,,,,,,,,,,,,
147,51,52,5.7,20,72.5,68,70,Corn,,,,,,,,,,,,,,,
350,47,71,5.8,24,74.1,74,67,Corn,,,,,,,,,,,,,,,
170,55,93,5.9,32,67,67,53,Corn,,,,,,,,,,,,,,,
160,49,37,5.9,20,67.9,55,73,Corn,,,,,,,,,,,,,,,
161,35,24,5.7,27,73.9,50,71,Corn,,,,,,,,,,,,,,,
363,51,71,6,30,72.4,57,58,Corn,,,,,,,,,,,,,,,
249.5,56,93,5.9,18,70.6,70,64,Corn,,,,,,,,,,,,,,,
234,106,62,5.9,29,68,56,61,Corn,,,,,,,,,,,,,,,
160,71,48,5.8,27,71.7,51,61,Corn,,,,,,,,,,,,,,,
272,39,27,5.6,26,74.3,59,59,Corn,,,,,,,,,,,,,,,
312,35,29,5.8,30,74.7,63,64,Corn,,,,,,,,,,,,,,,
267,93,115,5.8,25,65.3,75,75,Corn,,,,,,,,,,,,,,,
153,87,127,5.7,18,70.1,54,75,Corn,,,,,,,,,,,,,,,
273,48,47,6,21,68.6,75,60,Corn,,,,,,,,,,,,,,,
352,47,64,5.7,25,66.1,67,59,Corn,,,,,,,,,,,,,,,
245,83,69,5.7,29,72.6,61,65,Corn,,,,,,,,,,,,,,,
149,74,102,5.9,29,71.4,51,75,Corn,,,,,,,,,,,,,,,
247,71,111,5.8,28,70.5,71,65,Corn,,,,,,,,,,,,,,,
183,85,137,6,18,67.3,69,53,Corn,,,,,,,,,,,,,,,
156,50,38,5.7,26,68.9,52,66,Corn,,,,,,,,,,,,,,,
152,36,24,5.7,31,73.5,62,64,Corn,,,,,,,,,,,,,,,
321,41,62,5.8,32,66.8,52,52,Corn,,,,,,,,,,,,,,,
389,42,78,5.9,32,68.1,58,70,Corn,,,,,,,,,,,,,,,
183,55,42,5.9,32,69.8,56,52,Corn,,,,,,,,,,,,,,,
173,67,76,5.9,23,67.7,67,68,Corn,,,,,,,,,,,,,,,
259,83,114,5.9,20,71,66,53,Corn,,,,,,,,,,,,,,,
227,98,115,5.7,25,74.8,75,74,Corn,,,,,,,,,,,,,,,
165,51,39,5.7,28,65.4,68,51,Corn,,,,,,,,,,,,,,,
167,53,58,5.7,21,72,64,68,Corn,,,,,,,,,,,,,,,
375,56,88,5.7,25,69.9,68,74,Corn,,,,,,,,,,,,,,,
210,67,117,6,31,71.1,52,51,Corn,,,,,,,,,,,,,,,
160,46,39,5.7,25,74,53,70,Corn,,,,,,,,,,,,,,,
149,48,57,5.7,27,74.7,54,69,Corn,,,,,,,,,,,,,,,
350,47,71,5.7,28,74.5,64,59,Corn,,,,,,,,,,,,,,,
268,56,98,5.9,28,71.7,62,74,Corn,,,,,,,,,,,,,,,
234,106,62,5.7,25,69.6,57,66,Corn,,,,,,,,,,,,,,,
161,69,48,5.8,23,72.1,74,51,Corn,,,,,,,,,,,,,,,
272,39,27,5.9,32,68.4,66,73,Corn,,,,,,,,,,,,,,,
312,33,23,5.6,27,68.1,55,51,Corn,,,,,,,,,,,,,,,
268,90,114,5.9,18,74.8,74,73,Corn,,,,,,,,,,,,,,,
169,87,129,6,27,70.3,75,65,Corn,,,,,,,,,,,,,,,
273,43,48,5.9,24,66.5,70,72,Corn,,,,,,,,,,,,,,,
353,44,64,5.9,31,70.7,57,72,Corn,,,,,,,,,,,,,,,
242,80,97,5.6,28,67,56,69,Corn,,,,,,,,,,,,,,,
171,71,107,5.8,32,72.3,75,54,Corn,,,,,,,,,,,,,,,
268,68,109,5.8,18,66.2,54,55,Corn,,,,,,,,,,,,,,,
279,82,129,5.6,27,68.4,55,59,Corn,,,,,,,,,,,,,,,
156,47,37,5.7,27,74.7,61,72,Corn,,,,,,,,,,,,,,,
160,33,28,6,31,68.2,51,73,Corn,,,,,,,,,,,,,,,
163,48,39,6.5,24,65,78,119,Eggplant,,,,,,,,,,,,,,,
278,49,68,6.3,21,60.1,82,110,Eggplant,,,,,,,,,,,,,,,
363,49,97,6.5,24,61,72,83,Eggplant,,,,,,,,,,,,,,,
171,55,129,6.6,28,68.9,73,70,Eggplant,,,,,,,,,,,,,,,
163,48,39,6.3,22,60.7,74,112,Eggplant,,,,,,,,,,,,,,,
278,49,68,6.6,22,64.9,76,73,Eggplant,,,,,,,,,,,,,,,
363,49,97,6.6,21,61.6,68,95,Eggplant,,,,,,,,,,,,,,,
158,55,129,6.5,23,63.2,78,114,Eggplant,,,,,,,,,,,,,,,
160,48,36,6.4,29,67,65,67,Eggplant,,,,,,,,,,,,,,,
270,48,60,6.5,30,62.8,84,99,Eggplant,,,,,,,,,,,,,,,
350,48,84,6.5,25,63.9,65,94,Eggplant,,,,,,,,,,,,,,,
154,54,111,6.5,25,61.8,68,110,Eggplant,,,,,,,,,,,,,,,
163,69,62,6.5,21,63.8,65,100,Eggplant,,,,,,,,,,,,,,,
272,63,79,6.5,21,69.4,76,84,Eggplant,,,,,,,,,,,,,,,
351.5,57,95,6.3,29,65.4,70,93,Eggplant,,,,,,,,,,,,,,,
172,54.5,112,6.4,23,63.9,77,82,Eggplant,,,,,,,,,,,,,,,
173,49,48,6.3,27,68.7,81,87,Eggplant,,,,,,,,,,,,,,,
223,35,34,6.5,25,60.9,70,118,Eggplant,,,,,,,,,,,,,,,
318,34,67,6.4,24,69.9,75,63,Eggplant,,,,,,,,,,,,,,,
146,38,102,6.7,26,67.8,85,97,Eggplant,,,,,,,,,,,,,,,
160,48,36,6.5,24,67.7,72,112,Eggplant,,,,,,,,,,,,,,,
270,48,60,6.4,25,61.4,71,120,Eggplant,,,,,,,,,,,,,,,
350,48,84,6.5,21,69.2,65,99,Eggplant,,,,,,,,,,,,,,,
159,54,111,6.7,21,65.6,65,92,Eggplant,,,,,,,,,,,,,,,
230,82,81,6.6,26,62.1,68,96,Eggplant,,,,,,,,,,,,,,,
330,80,85,6.4,24,69.9,78,87,Eggplant,,,,,,,,,,,,,,,
190,78,89,6.5,30,62.9,68,96,Eggplant,,,,,,,,,,,,,,,
156,82,96,6.7,23,67.8,77,107,Eggplant,,,,,,,,,,,,,,,
230,82,81,6.3,26,62.3,66,82,Eggplant,,,,,,,,,,,,,,,
332,82,83,6.4,26,65.9,78,65,Eggplant,,,,,,,,,,,,,,,
398,76,91,6.6,29,63.8,65,107,Eggplant,,,,,,,,,,,,,,,
161,84,94,6.5,27,64.5,71,118,Eggplant,,,,,,,,,,,,,,,
232,80,79,6.4,21,68.8,70,79,Eggplant,,,,,,,,,,,,,,,
328,78,87,6.4,22,61.6,72,89,Eggplant,,,,,,,,,,,,,,,
265,81,85,6.3,21,64.4,66,93,Eggplant,,,,,,,,,,,,,,,
150,83,98,6.6,28,60.5,84,118,Eggplant,,,,,,,,,,,,,,,
225,81,86,6.3,25,65.3,76,96,Eggplant,,,,,,,,,,,,,,,
336,83,82,6.5,22,60.3,65,64,Eggplant,,,,,,,,,,,,,,,
271,82,88,6.3,28,69.9,84,103,Eggplant,,,,,,,,,,,,,,,
159,85,99,6.3,23,64.3,70,73,Eggplant,,,,,,,,,,,,,,,
235,83,82,6.6,27,66.8,82,74,Eggplant,,,,,,,,,,,,,,,
329,79,84,6.6,24,61.9,76,70,Eggplant,,,,,,,,,,,,,,,
217.9,79,92,6.3,27,68.1,82,113,Eggplant,,,,,,,,,,,,,,,
167,82,96,6.5,30,64.7,77,64,Eggplant,,,,,,,,,,,,,,,
229,86,84,6.5,21,69.3,85,77,Eggplant,,,,,,,,,,,,,,,
334,84,81,6.6,28,67.9,70,89,Eggplant,,,,,,,,,,,,,,,
399,77,90,6.5,22,66.8,70,111,Eggplant,,,,,,,,,,,,,,,
167,86,93,6.3,26,66.8,77,85,Eggplant,,,,,,,,,,,,,,,
230,82,81,6.5,27,67.4,80,70,Eggplant,,,,,,,,,,,,,,,
330,80,85,6.5,30,69.4,82,71,Eggplant,,,,,,,,,,,,,,,
240.8,78,89,6.5,29,65.3,79,105,Eggplant,,,,,,,,,,,,,,,
165,82,96,6.7,25,64.5,65,98,Eggplant,,,,,,,,,,,,,,,
233,81,81,6.4,28,64,84,100,Eggplant,,,,,,,,,,,,,,,
330,80,89,6.6,27,61.8,66,112,Eggplant,,,,,,,,,,,,,,,
170,80,88,6.7,25,61.4,78,87,Eggplant,,,,,,,,,,,,,,,
170,86,100,6.5,30,65.7,84,78,Eggplant,,,,,,,,,,,,,,,
226,82,87,6.4,24,64.4,74,97,Eggplant,,,,,,,,,,,,,,,
338,85,84,6.4,30,63.4,68,97,Eggplant,,,,,,,,,,,,,,,
226,83,91,6.6,27,67.4,65,66,Eggplant,,,,,,,,,,,,,,,
165,87,101,6.7,24,67.4,85,98,Eggplant,,,,,,,,,,,,,,,
236,84,83,6.7,27,68.4,81,61,Eggplant,,,,,,,,,,,,,,,
331,81,86,6.4,24,68.8,74,74,Eggplant,,,,,,,,,,,,,,,
299,81,94,6.7,21,61.7,66,112,Eggplant,,,,,,,,,,,,,,,
149,84,97,6.7,22,64.7,85,110,Eggplant,,,,,,,,,,,,,,,
230,87,85,6.4,28,68.2,66,83,Eggplant,,,,,,,,,,,,,,,
336,85,83,6.6,28,66.1,78,100,Eggplant,,,,,,,,,,,,,,,
282,79,93,6.6,22,68.1,85,75,Eggplant,,,,,,,,,,,,,,,
155,87,94,6.5,22,64.2,75,98,Eggplant,,,,,,,,,,,,,,,
231,83,82,6.4,26,64.4,72,93,Eggplant,,,,,,,,,,,,,,,
332,82,87,6.3,27,68.8,69,116,Eggplant,,,,,,,,,,,,,,,
173,80,89,6.6,28,63.4,81,107,Eggplant,,,,,,,,,,,,,,,
158,85,97,6.6,25,60.4,81,81,Eggplant,,,,,,,,,,,,,,,
163,47,40,6.6,26,67.1,74,100,Eggplant,,,,,,,,,,,,,,,
278,52,68,6.4,21,64,69,71,Eggplant,,,,,,,,,,,,,,,
363,51,96,6.5,21,64.8,73,64,Eggplant,,,,,,,,,,,,,,,
147,56,128,6.4,27,62.5,85,101,Eggplant,,,,,,,,,,,,,,,
163,53,38,6.6,29,68.8,83,108,Eggplant,,,,,,,,,,,,,,,
278,52,69,6.4,29,69.2,68,115,Eggplant,,,,,,,,,,,,,,,
363,51,96,6.6,26,64.1,82,81,Eggplant,,,,,,,,,,,,,,,
159,54,128,6.4,22,63.9,70,113,Eggplant,,,,,,,,,,,,,,,
160,53,37,6.5,23,69.3,73,98,Eggplant,,,,,,,,,,,,,,,
270,52,61,6.6,28,67.9,73,67,Eggplant,,,,,,,,,,,,,,,
350,51,83,6.5,24,66.8,71,81,Eggplant,,,,,,,,,,,,,,,
157,55,113,6.3,28,66.8,85,72,Eggplant,,,,,,,,,,,,,,,
163,71,63,6.5,29,67.4,74,73,Eggplant,,,,,,,,,,,,,,,
272,62,81,6.5,30,69.4,80,118,Eggplant,,,,,,,,,,,,,,,
351.5,59,97,6.5,27,65.3,71,111,Eggplant,,,,,,,,,,,,,,,
175,55,114,6.7,29,64.5,66,115,Eggplant,,,,,,,,,,,,,,,
173,51,49,6.4,29,64,65,98,Eggplant,,,,,,,,,,,,,,,
223,36,36,6.6,25,61.8,74,92,Eggplant,,,,,,,,,,,,,,,
318,35,69,6.7,27,61.4,70,98,Eggplant,,,,,,,,,,,,,,,
172,39,104,6.5,30,65.7,79,64,Eggplant,,,,,,,,,,,,,,,
160,53,37,6.4,30,64.4,79,60,Eggplant,,,,,,,,,,,,,,,
270,52,61,6.4,27,63.4,69,70,Eggplant,,,,,,,,,,,,,,,
350,49,83,6.6,27,67.4,68,66,Eggplant,,,,,,,,,,,,,,,
169,59,112,6.7,23,67.4,73,111,Eggplant,,,,,,,,,,,,,,,
230,83,82,6.7,26,68.4,74,99,Eggplant,,,,,,,,,,,,,,,
330,82,86,6.4,21,68.8,70,94,Eggplant,,,,,,,,,,,,,,,
256,79,90,6.7,22,61.7,74,82,Eggplant,,,,,,,,,,,,,,,
172,83,95,6.7,25,64.7,76,85,Eggplant,,,,,,,,,,,,,,,
230,81,82,6.5,26,65,85,85,Eggplant,,,,,,,,,,,,,,,
332,81,84,6.3,29,60.1,70,103,Eggplant,,,,,,,,,,,,,,,
398,75,82,6.5,29,61,78,64,Eggplant,,,,,,,,,,,,,,,
171,85,93,6.6,23,68.9,70,67,Eggplant,,,,,,,,,,,,,,,
232,79,81,6.3,24,60.7,68,77,Eggplant,,,,,,,,,,,,,,,
328,77,86,6.6,21,64.9,67,111,Eggplant,,,,,,,,,,,,,,,
277,79,84,6.6,23,61.6,82,76,Eggplant,,,,,,,,,,,,,,,
174,81,94,6.5,29,63.2,79,112,Eggplant,,,,,,,,,,,,,,,
225,78,87,6.4,23,67,75,62,Eggplant,,,,,,,,,,,,,,,
336,81,83,6.5,30,62.8,71,120,Eggplant,,,,,,,,,,,,,,,
268,79,89,6.5,27,63.9,72,69,Eggplant,,,,,,,,,,,,,,,
152,84,101,6.5,30,61.8,65,83,Eggplant,,,,,,,,,,,,,,,
235,80,83,6.5,25,63.8,67,106,Eggplant,,,,,,,,,,,,,,,
329,81,84,6.5,30,69.4,83,108,Eggplant,,,,,,,,,,,,,,,
270,80,93,6.3,27,65.4,66,75,Eggplant,,,,,,,,,,,,,,,
151,79,97,6.4,29,63.9,85,83,Eggplant,,,,,,,,,,,,,,,
229,84,85,6.3,24,68.7,72,84,Eggplant,,,,,,,,,,,,,,,
334,82,82,6.5,27,60.9,65,76,Eggplant,,,,,,,,,,,,,,,
399,74,92,6.4,24,69.9,82,60,Eggplant,,,,,,,,,,,,,,,
172,85,94,6.7,23,67.8,75,89,Eggplant,,,,,,,,,,,,,,,
230,79,83,6.5,24,67.7,79,83,Eggplant,,,,,,,,,,,,,,,
330,78,81,6.4,30,61.4,82,70,Eggplant,,,,,,,,,,,,,,,
224,82,96,6.5,21,69.2,80,73,Eggplant,,,,,,,,,,,,,,,
146,81,95,6.7,29,65.6,83,108,Eggplant,,,,,,,,,,,,,,,
233,79,82,6.6,22,62.1,70,98,Eggplant,,,,,,,,,,,,,,,
330,78,91,6.4,21,69.9,69,102,Eggplant,,,,,,,,,,,,,,,
287,79,82,6.5,30,62.9,65,64,Eggplant,,,,,,,,,,,,,,,
175,85,91,6.7,22,67.8,72,118,Eggplant,,,,,,,,,,,,,,,
226,81,85,6.3,27,62.3,68,105,Eggplant,,,,,,,,,,,,,,,
338,84,86,6.4,28,65.9,75,100,Eggplant,,,,,,,,,,,,,,,
249,82,93,6.6,21,63.8,79,102,Eggplant,,,,,,,,,,,,,,,
174,86,104,6.5,21,64.5,78,99,Eggplant,,,,,,,,,,,,,,,
236,83,85,6.4,22,68.8,85,96,Eggplant,,,,,,,,,,,,,,,
331,80,87,6.4,24,61.6,67,77,Eggplant,,,,,,,,,,,,,,,
239,82,95,6.3,22,64.4,80,79,Eggplant,,,,,,,,,,,,,,,
165,83,98,6.6,21,60.5,78,86,Eggplant,,,,,,,,,,,,,,,
230,86,86,6.3,24,65.3,68,90,Eggplant,,,,,,,,,,,,,,,
336,84,84,6.5,26,60.3,69,77,Eggplant,,,,,,,,,,,,,,,
192,80,84,6.3,24,69.9,78,71,Eggplant,,,,,,,,,,,,,,,
146,86,93,6.3,24,64.3,82,70,Eggplant,,,,,,,,,,,,,,,
231,80,84,6.6,30,66.8,80,80,Eggplant,,,,,,,,,,,,,,,
332,83,88,6.6,25,61.9,82,63,Eggplant,,,,,,,,,,,,,,,
233,81,90,6.3,30,68.1,74,84,Eggplant,,,,,,,,,,,,,,,
161,84,98,6.5,28,64.7,70,64,Eggplant,,,,,,,,,,,,,,,
160,46,38,6.5,28,69.3,66,82,Eggplant,,,,,,,,,,,,,,,
270,47,61,6.6,22,67.9,74,68,Eggplant,,,,,,,,,,,,,,,
350,49,85,6.5,22,66.8,69,80,Eggplant,,,,,,,,,,,,,,,
152,55,114,6.3,22,66.8,83,72,Eggplant,,,,,,,,,,,,,,,
230,83,84,6.5,23,67.4,69,102,Eggplant,,,,,,,,,,,,,,,
330,81,86,6.5,26,69.4,77,102,Eggplant,,,,,,,,,,,,,,,
153,44,31,5.8,35,80,75,130,Jute,,,,,,,,,,,,,,,
167,37,46,5.7,29,84.5,78,100,Jute,,,,,,,,,,,,,,,
313,29,60,5.9,36,81.3,80,148,Jute,,,,,,,,,,,,,,,
276,27,77,5.8,28,78.8,68,127,Jute,,,,,,,,,,,,,,,
155,45,34,5.7,33,81.8,79,133,Jute,,,,,,,,,,,,,,,
174,38,53,5.7,35,80.7,73,130,Jute,,,,,,,,,,,,,,,
326,31,72,6,29,79,70,141,Jute,,,,,,,,,,,,,,,
209,30,94,5.7,32,77.4,71,107,Jute,,,,,,,,,,,,,,,
150,45,30,6,24,80,70,111,Jute,,,,,,,,,,,,,,,
147,40,43,5.7,24,84.9,63,110,Jute,,,,,,,,,,,,,,,
301,34,55,5.9,26,80.2,62,113,Jute,,,,,,,,,,,,,,,
243,33,70,5.7,33,84.6,74,134,Jute,,,,,,,,,,,,,,,
147,44,28,5.9,28,77.3,60,124,Jute,,,,,,,,,,,,,,,
149,37,35,5.7,24,83.6,61,125,Jute,,,,,,,,,,,,,,,
286,29,42,5.9,32,78.8,70,127,Jute,,,,,,,,,,,,,,,
214.6,27,52,5.7,37,77,68,113,Jute,,,,,,,,,,,,,,,
158,46,35,5.7,36,80.9,66,111,Jute,,,,,,,,,,,,,,,
148,41,56,5.9,30,76.4,77,123,Jute,,,,,,,,,,,,,,,
338,36,77,5.9,34,77.3,65,113,Jute,,,,,,,,,,,,,,,
271,37,101,5.7,29,78.1,72,119,Jute,,,,,,,,,,,,,,,
153,45,31,5.9,31,82,77,142,Jute,,,,,,,,,,,,,,,
170,38,44,5.7,37,80,67,103,Jute,,,,,,,,,,,,,,,
313,31,57,5.8,26,81.9,61,103,Jute,,,,,,,,,,,,,,,
172,30,64,5.9,25,77.1,60,113,Jute,,,,,,,,,,,,,,,
153,44,31,5.6,32,81.4,70,110,Jute,,,,,,,,,,,,,,,
157,37,46,6,29,75.7,75,125,Jute,,,,,,,,,,,,,,,
313,29,60,5.8,35,79.4,71,129,Jute,,,,,,,,,,,,,,,
262,27,77,5.7,30,79.1,65,123,Jute,,,,,,,,,,,,,,,
155,45,34,5.9,27,82.3,64,103,Jute,,,,,,,,,,,,,,,
146,38,53,6,26,82.3,63,109,Jute,,,,,,,,,,,,,,,
326,31,72,5.7,34,77,68,121,Jute,,,,,,,,,,,,,,,
266,30,94,5.8,33,75.3,63,130,Jute,,,,,,,,,,,,,,,
153,44,28,5.8,29,78.8,61,105,Jute,,,,,,,,,,,,,,,
167,36,35,5.9,32,77.8,63,148,Jute,,,,,,,,,,,,,,,
313,30,42,5.7,24,81.8,71,126,Jute,,,,,,,,,,,,,,,
299,26,52,5.7,26,75.3,77,144,Jute,,,,,,,,,,,,,,,
159,45,34,5.8,31,81.6,75,150,Jute,,,,,,,,,,,,,,,
150,38,53,5.8,26,83.7,71,141,Jute,,,,,,,,,,,,,,,
343,31,72,6,29,76.8,64,121,Jute,,,,,,,,,,,,,,,
232,30,94,5.9,28,81.4,78,133,Jute,,,,,,,,,,,,,,,
150,45,30,5.6,30,81,71,121,Jute,,,,,,,,,,,,,,,
169,32,22,5.7,34,78.7,63,110,Jute,,,,,,,,,,,,,,,
272,25,29,6,25,79.5,64,140,Jute,,,,,,,,,,,,,,,
236,23,39,5.9,26,78.4,78,139,Jute,,,,,,,,,,,,,,,
153,46,34,5.6,33,76.6,69,100,Jute,,,,,,,,,,,,,,,
149,37,38,6,33,78.4,74,148,Jute,,,,,,,,,,,,,,,
313,28,45,5.6,37,83.1,63,120,Jute,,,,,,,,,,,,,,,
348,25,37,5.7,37,80,78,107,Jute,,,,,,,,,,,,,,,
155,47,56,5.9,31,81.4,76,121,Jute,,,,,,,,,,,,,,,
156,40,75,5.7,25,80.1,66,102,Jute,,,,,,,,,,,,,,,
326,33,97,6,37,83.5,60,122,Jute,,,,,,,,,,,,,,,
389,32,34,5.8,26,84,68,138,Jute,,,,,,,,,,,,,,,
150,46,49,6,35,81.8,79,131,Jute,,,,,,,,,,,,,,,
168,39,63,5.8,34,80.3,61,138,Jute,,,,,,,,,,,,,,,
301,31,80,5.9,27,78.1,71,134,Jute,,,,,,,,,,,,,,,
362,29,32,5.9,31,83.6,71,118,Jute,,,,,,,,,,,,,,,
147,46,41,5.8,36,84.5,74,143,Jute,,,,,,,,,,,,,,,
162,37,50,5.6,26,80.7,67,143,Jute,,,,,,,,,,,,,,,
286,28,77,5.9,25,78.1,63,121,Jute,,,,,,,,,,,,,,,
340,25,33,5.8,31,78.6,61,118,Jute,,,,,,,,,,,,,,,
158,47,46,5.7,35,80.9,75,142,Jute,,,,,,,,,,,,,,,
167,42,58,5.9,25,82.2,69,146,Jute,,,,,,,,,,,,,,,
338,36,73,6,27,79.2,65,142,Jute,,,,,,,,,,,,,,,
313,36,31,5.7,29,82,73,124,Jute,,,,,,,,,,,,,,,
153,47,40,5.8,31,76,64,113,Jute,,,,,,,,,,,,,,,
166,40,48,5.8,34,82.2,73,123,Jute,,,,,,,,,,,,,,,
313,33,60,5.7,28,83,65,114,Jute,,,,,,,,,,,,,,,
385,32,33,5.9,25,84.2,61,124,Jute,,,,,,,,,,,,,,,
153,47,46,5.8,30,75.1,80,150,Jute,,,,,,,,,,,,,,,
148,40,58,5.8,31,78.6,63,128,Jute,,,,,,,,,,,,,,,
313,43,73,5.6,27,75.5,77,142,Jute,,,,,,,,,,,,,,,
378,34,31,5.9,25,75,79,134,Jute,,,,,,,,,,,,,,,
155,25,38,5.8,29,78.2,64,135,Jute,,,,,,,,,,,,,,,
170,22,45,5.7,37,78,70,106,Jute,,,,,,,,,,,,,,,
326,44,55,5.7,25,78.5,72,100,Jute,,,,,,,,,,,,,,,
396,37,29,5.9,36,84.9,79,149,Jute,,,,,,,,,,,,,,,
153,30,34,5.6,28,83.2,62,133,Jute,,,,,,,,,,,,,,,
154,29,38,5.8,31,77.1,66,109,Jute,,,,,,,,,,,,,,,
313,43,45,5.9,33,75.7,74,148,Jute,,,,,,,,,,,,,,,
378,36,37,5.9,30,80.5,77,133,Jute,,,,,,,,,,,,,,,
159,28,56,5.7,32,78.1,69,122,Jute,,,,,,,,,,,,,,,
156,26,75,5.9,34,82,65,121,Jute,,,,,,,,,,,,,,,
343,43,97,5.7,32,80,64,117,Jute,,,,,,,,,,,,,,,
320,34,34,5.8,32,81.9,74,150,Jute,,,,,,,,,,,,,,,
150,25,49,5.9,37,77.1,60,125,Jute,,,,,,,,,,,,,,,
153,22,63,5.6,25,81.4,67,114,Jute,,,,,,,,,,,,,,,
272,44,80,6,31,75.7,62,149,Jute,,,,,,,,,,,,,,,
326,39,32,5.8,28,79.4,77,147,Jute,,,,,,,,,,,,,,,
153,33,41,5.7,32,79.1,61,110,Jute,,,,,,,,,,,,,,,
151,33,50,5.9,34,82.3,69,127,Jute,,,,,,,,,,,,,,,
313,44,77,6,37,82.3,77,136,Jute,,,,,,,,,,,,,,,
378,37,34,5.7,37,77,61,137,Jute,,,,,,,,,,,,,,,
155,30,48,5.8,32,75.3,71,126,Jute,,,,,,,,,,,,,,,
146,29,62,5.8,28,78.8,74,150,Jute,,,,,,,,,,,,,,,
326,44,79,5.9,30,77.8,62,138,Jute,,,,,,,,,,,,,,,
396,37,34,5.7,36,81.8,76,147,Jute,,,,,,,,,,,,,,,
150,30,48,5.7,27,75.3,73,142,Jute,,,,,,,,,,,,,,,
149,29,62,5.8,31,81.6,76,127,Jute,,,,,,,,,,,,,,,
301,43,79,5.8,30,83.7,66,129,Jute,,,,,,,,,,,,,,,
361,36,32,6,35,76.8,61,120,Jute,,,,,,,,,,,,,,,
147,28,41,5.8,25,80,74,111,Jute,,,,,,,,,,,,,,,
150,26,50,5.7,25,84.5,62,131,Jute,,,,,,,,,,,,,,,
286,43,62,5.9,30,81.3,64,140,Jute,,,,,,,,,,,,,,,
340,34,30,5.8,29,78.8,62,140,Jute,,,,,,,,,,,,,,,
158,25,36,5.7,35,81.8,69,120,Jute,,,,,,,,,,,,,,,
160,41,42,5.7,30,80.7,60,138,Jute,,,,,,,,,,,,,,,
338,36,51,6,31,79,75,117,Jute,,,,,,,,,,,,,,,
233,35,30,5.7,26,77.4,76,144,Jute,,,,,,,,,,,,,,,
153,37,35,6,35,80,80,102,Jute,,,,,,,,,,,,,,,
147,38,40,5.7,33,84.9,79,149,Jute,,,,,,,,,,,,,,,
313,31,48,5.9,31,80.2,73,139,Jute,,,,,,,,,,,,,,,
368,29,28,5.7,35,84.6,73,118,Jute,,,,,,,,,,,,,,,
153,44,30,5.9,35,77.3,62,110,Jute,,,,,,,,,,,,,,,
146,37,32,5.7,29,83.6,66,104,Jute,,,,,,,,,,,,,,,
313,29,37,5.9,31,78.8,62,127,Jute,,,,,,,,,,,,,,,
378,28,37,5.7,28,77,65,111,Jute,,,,,,,,,,,,,,,
155,44,56,5.7,29,80.9,60,129,Jute,,,,,,,,,,,,,,,
162,39,19,5.9,32,76.4,67,142,Jute,,,,,,,,,,,,,,,
326,32,17,5.9,24,77.3,80,120,Jute,,,,,,,,,,,,,,,
396,30,44,5.7,28,78.1,67,141,Jute,,,,,,,,,,,,,,,
153,43,38,5.9,33,82,64,118,Jute,,,,,,,,,,,,,,,
170,39,28,5.7,33,80,76,142,Jute,,,,,,,,,,,,,,,
313,31,21,5.8,37,81.9,73,107,Jute,,,,,,,,,,,,,,,
378,27,60,5.9,25,77.1,80,106,Jute,,,,,,,,,,,,,,,
159,44,74,5.6,30,81.4,70,118,Jute,,,,,,,,,,,,,,,
162,39,61,6,31,75.7,74,104,Jute,,,,,,,,,,,,,,,
343,31,70,5.8,27,79.4,75,116,Jute,,,,,,,,,,,,,,,
188,30,95,5.7,25,79.1,77,147,Jute,,,,,,,,,,,,,,,
150,44,54,5.9,29,82.3,78,126,Jute,,,,,,,,,,,,,,,
149,33,61,6,27,82.3,64,137,Jute,,,,,,,,,,,,,,,
272,26,70,5.7,35,77,64,123,Jute,,,,,,,,,,,,,,,
326,24,95,5.8,35,75.3,61,137,Jute,,,,,,,,,,,,,,,
343,32,52,5.8,37,78.8,65,101,Jute,,,,,,,,,,,,,,,
176,31,54,5.9,36,77.8,67,114,Jute,,,,,,,,,,,,,,,
150,44,58,5.7,30,81.8,73,126,Jute,,,,,,,,,,,,,,,
217,33,78,5.7,30,75.3,68,137,Jute,,,,,,,,,,,,,,,
272,29,50,5.8,33,81.6,75,118,Jute,,,,,,,,,,,,,,,
160,24,48,5.8,35,83.7,75,145,Jute,,,,,,,,,,,,,,,
153,38,48,6,37,76.8,69,133,Jute,,,,,,,,,,,,,,,
248,38,64,5.9,30,81.4,72,130,Jute,,,,,,,,,,,,,,,
313,30,50,5.6,26,81,79,124,Jute,,,,,,,,,,,,,,,
176,26,48,5.7,30,78.7,73,127,Jute,,,,,,,,,,,,,,,
155,44,48,6,33,79.5,71,129,Jute,,,,,,,,,,,,,,,
256,39,31,5.9,36,78.4,60,123,Jute,,,,,,,,,,,,,,,
326,32,25,5.6,31,76.6,70,129,Jute,,,,,,,,,,,,,,,
167,32,32,6,26,78.4,79,150,Jute,,,,,,,,,,,,,,,
150,44,42,5.6,33,83.1,78,145,Jute,,,,,,,,,,,,,,,
241,41,32,5.7,27,80,64,141,Jute,,,,,,,,,,,,,,,
301,36,18,5.9,27,81.4,65,143,Jute,,,,,,,,,,,,,,,
170,33,24,5.7,32,80.1,65,120,Jute,,,,,,,,,,,,,,,
153,45,26,6,24,75,78,120,Leafy Veg,,,,,,,,,,,,,,,
248,40,31,6.2,15,78.5,82,104,Leafy Veg,,,,,,,,,,,,,,,
313,34,35,6.1,24,78.2,88,93,Leafy Veg,,,,,,,,,,,,,,,
153,34,42,6.1,25,77,85,116,Leafy Veg,,,,,,,,,,,,,,,
155,47,29,6.2,18,73.4,84,102,Leafy Veg,,,,,,,,,,,,,,,
256,46,38,6,19,71.8,85,77,Leafy Veg,,,,,,,,,,,,,,,
326,44,47,6.1,17,74.6,89,115,Leafy Veg,,,,,,,,,,,,,,,
150,48,59,6,25,71.5,72,88,Leafy Veg,,,,,,,,,,,,,,,
158,47,31,5.8,21,77.6,85,62,Leafy Veg,,,,,,,,,,,,,,,
263,46,46,6.1,24,74.5,78,71,Leafy Veg,,,,,,,,,,,,,,,
338,44,60,5.8,21,72.6,88,76,Leafy Veg,,,,,,,,,,,,,,,
151,48,77,6.1,24,76.6,80,109,Leafy Veg,,,,,,,,,,,,,,,
148,45,24,6.2,16,79.2,88,73,Leafy Veg,,,,,,,,,,,,,,,
233,38,23,6,18,72.7,74,114,Leafy Veg,,,,,,,,,,,,,,,
288,31,22,5.9,24,76.3,85,62,Leafy Veg,,,,,,,,,,,,,,,
153,30,24,5.9,22,78.2,74,96,Leafy Veg,,,,,,,,,,,,,,,
155,47,29,5.8,18,79.2,76,120,Leafy Veg,,,,,,,,,,,,,,,
256,44,38,5.8,19,71.4,89,99,Leafy Veg,,,,,,,,,,,,,,,
326,41,47,5.9,16,78.4,75,92,Leafy Veg,,,,,,,,,,,,,,,
162,44,59,5.8,18,72.1,84,115,Leafy Veg,,,,,,,,,,,,,,,
155,47,29,5.9,22,74.1,71,73,Leafy Veg,,,,,,,,,,,,,,,
256,46,38,6,20,74.5,76,119,Leafy Veg,,,,,,,,,,,,,,,
326,44,47,6.2,22,73.3,85,101,Leafy Veg,,,,,,,,,,,,,,,
175,48,59,6.1,20,71.6,81,94,Leafy Veg,,,,,,,,,,,,,,,
158,47,31,6.1,24,73.6,78,117,Leafy Veg,,,,,,,,,,,,,,,
263,46,46,6.1,24,70.1,87,118,Leafy Veg,,,,,,,,,,,,,,,
338,44,60,5.8,21,74.3,77,69,Leafy Veg,,,,,,,,,,,,,,,
165,48,77,5.8,16,72.4,82,120,Leafy Veg,,,,,,,,,,,,,,,
148,45,24,5.9,22,77.1,73,114,Leafy Veg,,,,,,,,,,,,,,,
233,38,23,6.1,23,72.4,74,83,Leafy Veg,,,,,,,,,,,,,,,
288,31,22,5.8,25,75.8,77,73,Leafy Veg,,,,,,,,,,,,,,,
152,30,24,6.1,22,78.9,78,88,Leafy Veg,,,,,,,,,,,,,,,
155,47,29,6,15,75.9,73,70,Leafy Veg,,,,,,,,,,,,,,,
256,44,38,6.1,21,74.4,73,69,Leafy Veg,,,,,,,,,,,,,,,
326,41,47,6,17,74.6,84,83,Leafy Veg,,,,,,,,,,,,,,,
155,44,59,6.2,25,75.4,82,66,Leafy Veg,,,,,,,,,,,,,,,
153,45,26,6.1,25,72.9,76,75,Leafy Veg,,,,,,,,,,,,,,,
248,40,31,5.9,15,70.7,88,117,Leafy Veg,,,,,,,,,,,,,,,
313,34,35,6.1,25,73.6,80,92,Leafy Veg,,,,,,,,,,,,,,,
173,34,42,5.9,22,72.8,86,91,Leafy Veg,,,,,,,,,,,,,,,
165,47,31,6.1,18,75.2,84,60,Leafy Veg,,,,,,,,,,,,,,,
285,45,45,6.2,23,74.4,74,63,Leafy Veg,,,,,,,,,,,,,,,
375,43,59,6.2,17,76.9,81,100,Leafy Veg,,,,,,,,,,,,,,,
157,47,76,6,25,78,71,111,Leafy Veg,,,,,,,,,,,,,,,
160,48,30,6.1,19,72.7,88,86,Leafy Veg,,,,,,,,,,,,,,,
270,47,41,5.9,16,77.1,86,75,Leafy Veg,,,,,,,,,,,,,,,
350,46,52,6,15,71.5,88,104,Leafy Veg,,,,,,,,,,,,,,,
162,51,66,5.9,24,77,87,110,Leafy Veg,,,,,,,,,,,,,,,
155,45,31,5.8,20,75.8,84,98,Leafy Veg,,,,,,,,,,,,,,,
255,39,45,5.9,24,78.5,84,103,Leafy Veg,,,,,,,,,,,,,,,
325,33,59,6.1,16,75.6,82,105,Leafy Veg,,,,,,,,,,,,,,,
154,33,76,6.2,23,76.6,78,100,Leafy Veg,,,,,,,,,,,,,,,
163,69,56,6.2,24,75.7,86,118,Leafy Veg,,,,,,,,,,,,,,,
273,68,67,5.8,20,72,88,118,Leafy Veg,,,,,,,,,,,,,,,
351.5,55,63,5.9,23,71.4,90,103,Leafy Veg,,,,,,,,,,,,,,,
160,51.5,67,6.1,22,74.7,72,84,Leafy Veg,,,,,,,,,,,,,,,
158,66,57,6,21,72.3,81,68,Leafy Veg,,,,,,,,,,,,,,,
257,54,64,5.9,18,70.2,83,116,Leafy Veg,,,,,,,,,,,,,,,
326.5,48,70,5.8,19,77.8,78,90,Leafy Veg,,,,,,,,,,,,,,,
156,33.5,77,5.9,16,73.1,82,91,Leafy Veg,,,,,,,,,,,,,,,
152,66,50,5.8,18,75,77,73,Leafy Veg,,,,,,,,,,,,,,,
238,23,42,6.2,25,79.7,73,63,Leafy Veg,,,,,,,,,,,,,,,
294.5,40,33,5.9,18,71.4,77,102,Leafy Veg,,,,,,,,,,,,,,,
170,30.5,25,5.9,15,76.7,71,74,Leafy Veg,,,,,,,,,,,,,,,
163,68,57,5.9,24,70.8,80,119,Leafy Veg,,,,,,,,,,,,,,,
271,59,56,6.2,24,74.8,78,96,Leafy Veg,,,,,,,,,,,,,,,
349,50,70,6,24,77.4,79,71,Leafy Veg,,,,,,,,,,,,,,,
153,44.5,77,6,22,77.8,84,79,Leafy Veg,,,,,,,,,,,,,,,
160,48,30,5.9,19,72.9,89,88,Leafy Veg,,,,,,,,,,,,,,,
271,53,48,5.9,20,73,85,119,Leafy Veg,,,,,,,,,,,,,,,
350,46,52,6,17,77.4,87,108,Leafy Veg,,,,,,,,,,,,,,,
157,51,66,5.8,22,71.7,80,103,Leafy Veg,,,,,,,,,,,,,,,
155,45,31,6.2,21,72.5,81,89,Leafy Veg,,,,,,,,,,,,,,,
255,39,45,6.1,16,70.3,85,78,Leafy Veg,,,,,,,,,,,,,,,
325,39,59,6.2,25,70.7,79,107,Leafy Veg,,,,,,,,,,,,,,,
147,33,76,6,17,70.4,70,96,Leafy Veg,,,,,,,,,,,,,,,
149,45,24,5.9,22,79.5,81,65,Leafy Veg,,,,,,,,,,,,,,,
236,23,23,5.9,17,79.1,73,65,Leafy Veg,,,,,,,,,,,,,,,
293,31,22,6,20,78.1,77,78,Leafy Veg,,,,,,,,,,,,,,,
176,30,24,6.1,21,72,76,72,Leafy Veg,,,,,,,,,,,,,,,
160,47,31,6.1,22,78.9,73,62,Leafy Veg,,,,,,,,,,,,,,,
269,44,37,6,21,75.9,81,109,Leafy Veg,,,,,,,,,,,,,,,
347.5,41,59,6.1,24,74.4,78,105,Leafy Veg,,,,,,,,,,,,,,,
150,44,76,6,25,74.6,75,95,Leafy Veg,,,,,,,,,,,,,,,
154,45,26,6.2,18,75.4,84,61,Leafy Veg,,,,,,,,,,,,,,,
251,39,22,6.1,21,72.9,84,80,Leafy Veg,,,,,,,,,,,,,,,
318,33,34,5.9,21,70.7,81,70,Leafy Veg,,,,,,,,,,,,,,,
176,33,41,6.1,21,73.6,83,99,Leafy Veg,,,,,,,,,,,,,,,
153,45,26,5.9,16,72.8,85,82,Leafy Veg,,,,,,,,,,,,,,,
245,39,35,6.1,21,75.2,83,73,Leafy Veg,,,,,,,,,,,,,,,
315,33,39,6.2,25,74.4,88,84,Leafy Veg,,,,,,,,,,,,,,,
165,34,42,6.2,18,76.9,77,90,Leafy Veg,,,,,,,,,,,,,,,
155,48,24,6,19,78,71,94,Leafy Veg,,,,,,,,,,,,,,,
255,45,36,6.1,19,72.7,75,61,Leafy Veg,,,,,,,,,,,,,,,
323,45,51,5.9,22,77.1,75,120,Leafy Veg,,,,,,,,,,,,,,,
168,47,59,6,19,71.5,70,115,Leafy Veg,,,,,,,,,,,,,,,
158,48,31,5.9,23,77,85,99,Leafy Veg,,,,,,,,,,,,,,,
262,46,45,5.8,18,75.8,78,114,Leafy Veg,,,,,,,,,,,,,,,
337,43,55,5.9,20,78.5,87,102,Leafy Veg,,,,,,,,,,,,,,,
146,48,79,6.1,25,75.6,73,111,Leafy Veg,,,,,,,,,,,,,,,
150,44,23,6,16,75,80,113,Leafy Veg,,,,,,,,,,,,,,,
235,38,22,6.2,18,78.5,89,97,Leafy Veg,,,,,,,,,,,,,,,
290,31,23,6.1,24,78.2,77,88,Leafy Veg,,,,,,,,,,,,,,,
171,29,22,6.1,25,77,78,105,Leafy Veg,,,,,,,,,,,,,,,
157,46,29,6.2,20,73.4,85,100,Leafy Veg,,,,,,,,,,,,,,,
257,43,36,6,18,71.8,70,90,Leafy Veg,,,,,,,,,,,,,,,
325,39,44,6.1,24,74.6,72,63,Leafy Veg,,,,,,,,,,,,,,,
163,45,60,6,21,71.5,80,119,Leafy Veg,,,,,,,,,,,,,,,
154,45,31,5.8,20,77.6,84,63,Leafy Veg,,,,,,,,,,,,,,,
255,44,36,6.1,15,74.5,86,99,Leafy Veg,,,,,,,,,,,,,,,
324,44,43,5.8,20,72.6,80,116,Leafy Veg,,,,,,,,,,,,,,,
152,47,63,6.1,21,76.6,71,106,Leafy Veg,,,,,,,,,,,,,,,
160,48,28,6.2,24,79.2,70,70,Leafy Veg,,,,,,,,,,,,,,,
260,46,41,6,17,72.7,81,100,Leafy Veg,,,,,,,,,,,,,,,
338,42,62,5.9,18,76.3,81,90,Leafy Veg,,,,,,,,,,,,,,,
161,47,74,5.9,20,78.2,78,63,Leafy Veg,,,,,,,,,,,,,,,
149,45,28,5.8,22,79.2,83,87,Leafy Veg,,,,,,,,,,,,,,,
233,37,24,5.8,25,71.4,81,104,Leafy Veg,,,,,,,,,,,,,,,
289,31,26,5.9,25,78.4,87,102,Leafy Veg,,,,,,,,,,,,,,,
173,29,23,5.8,21,72.1,83,115,Leafy Veg,,,,,,,,,,,,,,,
155,45,33,5.9,20,74.1,85,64,Leafy Veg,,,,,,,,,,,,,,,
255,45,37,6,16,74.5,90,72,Leafy Veg,,,,,,,,,,,,,,,
323,39,48,6.2,16,73.3,79,91,Leafy Veg,,,,,,,,,,,,,,,
173,45,62,6.1,24,71.6,89,90,Leafy Veg,,,,,,,,,,,,,,,
153,44,25,6.1,21,73.6,71,98,Leafy Veg,,,,,,,,,,,,,,,
248,40,26,6.1,19,70.1,72,71,Leafy Veg,,,,,,,,,,,,,,,
315,32,39,5.8,21,74.3,90,77,Leafy Veg,,,,,,,,,,,,,,,
163,35,46,5.8,25,72.4,74,74,Leafy Veg,,,,,,,,,,,,,,,
167,45,26,5.9,24,77.1,87,70,Leafy Veg,,,,,,,,,,,,,,,
286,46,41,6.1,19,72.4,78,116,Leafy Veg,,,,,,,,,,,,,,,
377,41,59,5.8,25,75.8,89,60,Leafy Veg,,,,,,,,,,,,,,,
156,48,79,6.1,21,78.9,81,78,Leafy Veg,,,,,,,,,,,,,,,
160,49,32,6,15,75.9,84,76,Leafy Veg,,,,,,,,,,,,,,,
267,46,40,6.1,18,74.4,76,64,Leafy Veg,,,,,,,,,,,,,,,
351,47,47,6,18,74.6,83,87,Leafy Veg,,,,,,,,,,,,,,,
167,50,67,6.2,16,75.4,86,113,Leafy Veg,,,,,,,,,,,,,,,
152,46,30,6.1,20,72.9,81,102,Leafy Veg,,,,,,,,,,,,,,,
257,39,45,5.9,20,70.7,80,83,Leafy Veg,,,,,,,,,,,,,,,
326,33,60,6.1,15,73.6,73,94,Leafy Veg,,,,,,,,,,,,,,,
175,33,73,5.9,19,72.8,70,110,Leafy Veg,,,,,,,,,,,,,,,
163,70,60,6.1,15,75.2,82,104,Leafy Veg,,,,,,,,,,,,,,,
270,67,64,6.2,20,74.4,84,93,Leafy Veg,,,,,,,,,,,,,,,
351.5,54,62,6.2,20,76.9,86,120,Leafy Veg,,,,,,,,,,,,,,,
162,52.5,67,6,24,78,80,101,Leafy Veg,,,,,,,,,,,,,,,
159,66,60,6.1,22,72.7,78,99,Leafy Veg,,,,,,,,,,,,,,,
254,54,63,5.9,16,77.1,89,63,Leafy Veg,,,,,,,,,,,,,,,
325.5,47,65,6,23,71.5,82,106,Leafy Veg,,,,,,,,,,,,,,,
171,33.5,75,5.9,22,77,81,61,Leafy Veg,,,,,,,,,,,,,,,
149,64,49,5.8,23,75.8,81,71,Leafy Veg,,,,,,,,,,,,,,,
236,24,46,5.9,23,78.5,72,101,Leafy Veg,,,,,,,,,,,,,,,
160,48,36,6.5,28,73.5,69,64,Oil crop,,,,,,,,,,,,,,,
153,49,61,6.7,26,77,65,73,Oil crop,,,,,,,,,,,,,,,
351,49,85,6.5,20,69.2,64,67,Oil crop,,,,,,,,,,,,,,,
269,55,112,6.6,28,77.6,65,78,Oil crop,,,,,,,,,,,,,,,
155,47,31,6.5,23,71.5,57,48,Oil crop,,,,,,,,,,,,,,,
173,44,46,6.5,24,73.7,65,49,Oil crop,,,,,,,,,,,,,,,
326,41,60,6.3,24,76.8,60,60,Oil crop,,,,,,,,,,,,,,,
295.4,44,77,6.3,21,76.6,50,51,Oil crop,,,,,,,,,,,,,,,
153,47,31,6.5,30,70.1,63,45,Oil crop,,,,,,,,,,,,,,,
147,46,46,6.3,23,68.5,68,55,Oil crop,,,,,,,,,,,,,,,
313,44,60,6.3,25,74.3,69,57,Oil crop,,,,,,,,,,,,,,,
221.6,48,77,6.4,29,74.8,66,61,Oil crop,,,,,,,,,,,,,,,
145,48,31,6.6,28,71.2,55,68,Oil crop,,,,,,,,,,,,,,,
151,49,46,6.7,24,71.4,63,78,Oil crop,,,,,,,,,,,,,,,
273,49,60,6.7,26,69.6,68,53,Oil crop,,,,,,,,,,,,,,,
201,55,77,6.5,27,74.6,50,55,Oil crop,,,,,,,,,,,,,,,
158,48,35,6.5,30,73.7,62,48,Oil crop,,,,,,,,,,,,,,,
172,49,58,6.4,21,74.1,66,66,Oil crop,,,,,,,,,,,,,,,
338,49,80,6.6,26,73.5,62,80,Oil crop,,,,,,,,,,,,,,,
187,55,105,6.3,24,70.5,65,66,Oil crop,,,,,,,,,,,,,,,
160,47,31,6.7,25,69.7,69,61,Oil crop,,,,,,,,,,,,,,,
153,46,44,6.6,24,71.3,53,43,Oil crop,,,,,,,,,,,,,,,
348,44,57,6.5,27,71.5,68,41,Oil crop,,,,,,,,,,,,,,,
193,48,73,6.7,27,71.9,50,56,Oil crop,,,,,,,,,,,,,,,
154,46,28,6.3,29,72,59,74,Oil crop,,,,,,,,,,,,,,,
172,41,35,6.4,29,75.5,56,66,Oil crop,,,,,,,,,,,,,,,
318,36,42,6.3,27,74.9,61,52,Oil crop,,,,,,,,,,,,,,,
269,37,52,6.4,30,69.1,67,56,Oil crop,,,,,,,,,,,,,,,
156,47,32,6.4,30,73,67,73,Oil crop,,,,,,,,,,,,,,,
158,44,49,6.7,26,74.5,60,74,Oil crop,,,,,,,,,,,,,,,
331,41,65,6.3,20,68.6,55,55,Oil crop,,,,,,,,,,,,,,,
176,44,84,6.4,26,71.9,68,46,Oil crop,,,,,,,,,,,,,,,
151,46,29,6.4,21,71.6,55,74,Oil crop,,,,,,,,,,,,,,,
176,41,38,6.4,28,73.1,63,52,Oil crop,,,,,,,,,,,,,,,
306,36,45,6.6,22,77.8,51,57,Oil crop,,,,,,,,,,,,,,,
246,37,59,6.3,26,71.8,67,58,Oil crop,,,,,,,,,,,,,,,
156,47,29,6.6,22,69.8,61,68,Oil crop,,,,,,,,,,,,,,,
156,44,40,6.4,24,70.1,52,45,Oil crop,,,,,,,,,,,,,,,
328,41,50,6.4,28,76.7,55,49,Oil crop,,,,,,,,,,,,,,,
284,44,63,6.3,30,69.1,60,41,Oil crop,,,,,,,,,,,,,,,
151,46,27,6.3,30,78.1,59,75,Oil crop,,,,,,,,,,,,,,,
170,41,32,6.6,30,75.6,65,41,Oil crop,,,,,,,,,,,,,,,
306,36,37,6.4,30,70.2,69,48,Oil crop,,,,,,,,,,,,,,,
256.6,37,45,6.3,30,78.2,54,66,Oil crop,,,,,,,,,,,,,,,
153,47,29,6.6,27,71.6,59,52,Oil crop,,,,,,,,,,,,,,,
162,44,40,6.6,27,69.4,70,41,Oil crop,,,,,,,,,,,,,,,
316,41,450,6.6,27,77.6,54,61,Oil crop,,,,,,,,,,,,,,,
286,44,63,6.7,23,75.4,68,55,Oil crop,,,,,,,,,,,,,,,
149,46,27,6.7,25,74.5,57,50,Oil crop,,,,,,,,,,,,,,,
162,41,32,6.3,20,69.8,50,71,Oil crop,,,,,,,,,,,,,,,
256,36,37,6.7,26,76.8,58,68,Oil crop,,,,,,,,,,,,,,,
194.9,37,45,6.4,30,71.5,57,75,Oil crop,,,,,,,,,,,,,,,
157,47,30,6.6,29,74.5,54,79,Oil crop,,,,,,,,,,,,,,,
153,46,43,6.6,27,74.5,53,40,Oil crop,,,,,,,,,,,,,,,
333,44,55,6.4,28,69,69,62,Oil crop,,,,,,,,,,,,,,,
272,48,70,6.6,26,72,52,70,Oil crop,,,,,,,,,,,,,,,
143,47,29,6.7,27,71.3,60,65,Oil crop,,,,,,,,,,,,,,,
154,46,40,6.5,30,77.7,53,67,Oil crop,,,,,,,,,,,,,,,
266,44,50,6.6,28,75.8,52,44,Oil crop,,,,,,,,,,,,,,,
272,48,63,6.3,27,74.4,55,60,Oil crop,,,,,,,,,,,,,,,
143,46,27,6.4,25,71,67,63,Oil crop,,,,,,,,,,,,,,,
155,41,32,6.7,20,74.3,68,59,Oil crop,,,,,,,,,,,,,,,
263,36,37,6.7,27,69.3,68,73,Oil crop,,,,,,,,,,,,,,,
262,37,45,6.3,28,69.2,52,50,Oil crop,,,,,,,,,,,,,,,
160,48,36,6.4,28,69.8,57,50,Oil crop,,,,,,,,,,,,,,,
167,49,61,6.6,25,72.4,67,44,Oil crop,,,,,,,,,,,,,,,
351,49,85,6.7,22,72.2,64,64,Oil crop,,,,,,,,,,,,,,,
207,55,112,6.6,27,71.1,61,59,Oil crop,,,,,,,,,,,,,,,
155,47,31,6.7,20,75.9,64,55,Oil crop,,,,,,,,,,,,,,,
174,44,46,6.6,27,74.2,64,56,Oil crop,,,,,,,,,,,,,,,
326,41,60,6.4,24,77.4,65,60,Oil crop,,,,,,,,,,,,,,,
297,44,77,6.4,28,74.3,57,70,Oil crop,,,,,,,,,,,,,,,
153,47,31,6.5,25,75.2,54,79,Oil crop,,,,,,,,,,,,,,,
155,46,46,6.4,24,78.4,54,68,Oil crop,,,,,,,,,,,,,,,
313,44,60,6.7,21,69.1,50,76,Oil crop,,,,,,,,,,,,,,,
200,48,77,6.7,25,78.2,50,69,Oil crop,,,,,,,,,,,,,,,
145,48,31,6.6,30,72.9,63,76,Oil crop,,,,,,,,,,,,,,,
164,49,46,6.7,24,75.4,69,70,Oil crop,,,,,,,,,,,,,,,
273,49,60,6.4,25,72.2,50,46,Oil crop,,,,,,,,,,,,,,,
216,55,77,6.3,30,68.6,60,44,Oil crop,,,,,,,,,,,,,,,
158,48,35,6.4,21,70.2,55,43,Oil crop,,,,,,,,,,,,,,,
160,49,58,6.3,27,78.2,67,48,Oil crop,,,,,,,,,,,,,,,
338,49,80,6.6,23,71.6,51,61,Oil crop,,,,,,,,,,,,,,,
170,55,105,6.6,26,69.4,65,72,Oil crop,,,,,,,,,,,,,,,
160,48,36,6.6,30,77.6,52,70,Oil crop,,,,,,,,,,,,,,,
168,48,60,6.7,30,75.4,59,68,Oil crop,,,,,,,,,,,,,,,
350,48,84,6.7,23,74.5,63,77,Oil crop,,,,,,,,,,,,,,,
215.7,54,111,6.3,24,69.8,67,41,Oil crop,,,,,,,,,,,,,,,
155,47,31,6.7,24,76.8,60,56,Oil crop,,,,,,,,,,,,,,,
146,44,45,6.4,26,71.5,69,76,Oil crop,,,,,,,,,,,,,,,
325,41,59,6.6,30,74.5,64,47,Oil crop,,,,,,,,,,,,,,,
248,44,76,6.6,30,74.5,50,65,Oil crop,,,,,,,,,,,,,,,
153,47,29,6.4,27,69,57,72,Oil crop,,,,,,,,,,,,,,,
149,44,39,6.6,24,72,70,68,Oil crop,,,,,,,,,,,,,,,
315,41,49,6.7,21,71.3,54,67,Oil crop,,,,,,,,,,,,,,,
173,44,62,6.5,28,77.7,53,43,Oil crop,,,,,,,,,,,,,,,
160,47,31,6.6,25,75.8,51,79,Oil crop,,,,,,,,,,,,,,,
155,34,22,6.3,21,74.4,67,62,Oil crop,,,,,,,,,,,,,,,
326,41,60,6.4,21,71,51,74,Oil crop,,,,,,,,,,,,,,,
277,44,77,6.7,22,74.3,70,43,Oil crop,,,,,,,,,,,,,,,
166,68,57,6.5,28,73.5,53,56,Oil crop,,,,,,,,,,,,,,,
165,59,64,6.7,28,77,70,42,Oil crop,,,,,,,,,,,,,,,
326.5,50,70,6.5,29,69.2,55,75,Oil crop,,,,,,,,,,,,,,,
300,44.5,77,6.6,21,77.6,64,80,Oil crop,,,,,,,,,,,,,,,
165,69,57,6.5,25,71.5,58,80,Oil crop,,,,,,,,,,,,,,,
161,63,64,6.5,28,73.7,67,50,Oil crop,,,,,,,,,,,,,,,
359.5,57,70,6.3,30,76.8,54,80,Oil crop,,,,,,,,,,,,,,,
238,54.5,77,6.3,28,76.6,59,55,Oil crop,,,,,,,,,,,,,,,
154,46,41,6.5,25,70.1,63,43,Oil crop,,,,,,,,,,,,,,,
146,35,25,6.3,26,68.5,69,77,Oil crop,,,,,,,,,,,,,,,
261,22,19,6.3,27,74.3,53,72,Oil crop,,,,,,,,,,,,,,,
216.2,17,16,6.4,26,74.8,70,55,Oil crop,,,,,,,,,,,,,,,
153,47,37,6.6,24,71.2,60,44,Oil crop,,,,,,,,,,,,,,,
153,34,31,6.7,25,71.4,66,65,Oil crop,,,,,,,,,,,,,,,
290,32,34,6.7,29,69.6,50,69,Oil crop,,,,,,,,,,,,,,,
284,35,47,6.5,23,74.6,57,68,Oil crop,,,,,,,,,,,,,,,
157,47,41,6.5,22,73.7,50,74,Oil crop,,,,,,,,,,,,,,,
165,46,43,6.4,29,74.1,64,79,Oil crop,,,,,,,,,,,,,,,
333,44,55,6.6,22,73.5,63,65,Oil crop,,,,,,,,,,,,,,,
299,48,70,6.3,29,70.5,54,48,Oil crop,,,,,,,,,,,,,,,
143,47,29,6.7,30,69.7,70,66,Oil crop,,,,,,,,,,,,,,,
154,34,21,6.6,25,71.3,68,76,Oil crop,,,,,,,,,,,,,,,
258,29,26,6.5,24,71.5,57,49,Oil crop,,,,,,,,,,,,,,,
248,30,34,6.7,30,71.9,69,71,Oil crop,,,,,,,,,,,,,,,
380,98,69,6.3,25,72,52,69,Oil crop,,,,,,,,,,,,,,,
170,90,60,6.4,22,75.5,57,73,Oil crop,,,,,,,,,,,,,,,
220,82,51,6.3,20,74.9,66,63,Oil crop,,,,,,,,,,,,,,,
350,83,59,6.4,26,69.1,57,42,Oil crop,,,,,,,,,,,,,,,
290,80,55,6.4,25,73,67,42,Oil crop,,,,,,,,,,,,,,,
165,77,41,6.7,23,74.5,64,61,Oil crop,,,,,,,,,,,,,,,
310,68,49,6.3,21,68.6,57,74,Oil crop,,,,,,,,,,,,,,,
260,70,35,6.4,30,71.9,60,40,Oil crop,,,,,,,,,,,,,,,
180,72,21,6.4,20,71.6,65,65,Oil crop,,,,,,,,,,,,,,,
151,48,36,6.4,30,73.1,58,57,Oil crop,,,,,,,,,,,,,,,
270,47,60,6.6,29,77.8,54,79,Oil crop,,,,,,,,,,,,,,,
350,48,84,6.3,22,71.8,61,67,Oil crop,,,,,,,,,,,,,,,
227,54,111,6.6,21,69.8,65,56,Oil crop,,,,,,,,,,,,,,,
164,47,31,6.4,23,70.1,66,75,Oil crop,,,,,,,,,,,,,,,
255,44,45,6.4,22,76.7,51,48,Oil crop,,,,,,,,,,,,,,,
325,41,59,6.3,22,69.1,60,55,Oil crop,,,,,,,,,,,,,,,
272,44,76,6.3,27,78.1,56,48,Oil crop,,,,,,,,,,,,,,,
159,48,31,6.6,24,75.6,69,63,Oil crop,,,,,,,,,,,,,,,
275,48,45,6.4,23,70.2,55,76,Oil crop,,,,,,,,,,,,,,,
358,48,59,6.3,24,78.2,59,60,Oil crop,,,,,,,,,,,,,,,
215.6,54,76,6.6,30,71.6,50,46,Oil crop,,,,,,,,,,,,,,,
175,47,36,6.6,26,69.4,63,41,Oil crop,,,,,,,,,,,,,,,
268,50,58,6.6,23,77.6,70,58,Oil crop,,,,,,,,,,,,,,,
350,48,88,6.7,27,75.4,62,50,Oil crop,,,,,,,,,,,,,,,
273,54,110,6.7,22,74.5,52,70,Oil crop,,,,,,,,,,,,,,,
156,46,26,6.3,28,69.8,60,55,Oil crop,,,,,,,,,,,,,,,
158,50,36,5.5,21,60,60,109,Onion,,,,,,,,,,,,,,,
263,53,61,5.6,15,57.1,53,62,Onion,,,,,,,,,,,,,,,
338,56,85,5.6,22,62.8,53,102,Onion,,,,,,,,,,,,,,,
155,65,112,5.6,16,56.3,63,63,Onion,,,,,,,,,,,,,,,
153,47,31,5.3,15,57.6,63,119,Onion,,,,,,,,,,,,,,,
248,46,46,5.6,21,60.5,64,63,Onion,,,,,,,,,,,,,,,
313,44,60,5.3,20,61.6,67,109,Onion,,,,,,,,,,,,,,,
171,48,77,5.4,19,60.9,68,94,Onion,,,,,,,,,,,,,,,
158,50,36,5.6,23,55,56,104,Onion,,,,,,,,,,,,,,,
263,53,61,5.4,20,64.7,60,64,Onion,,,,,,,,,,,,,,,
338,56,85,5.6,24,58.8,50,96,Onion,,,,,,,,,,,,,,,
170,65,112,5.6,21,62.7,55,112,Onion,,,,,,,,,,,,,,,
153,48,31,5.7,19,60.5,62,72,Onion,,,,,,,,,,,,,,,
248,46,46,5.4,22,64,61,110,Onion,,,,,,,,,,,,,,,
313,44,60,5.5,16,56.1,53,90,Onion,,,,,,,,,,,,,,,
170,48,77,5.4,17,60,69,113,Onion,,,,,,,,,,,,,,,
158,50,36,5.6,13,62,55,56,Onion,,,,,,,,,,,,,,,
263,53,61,5.3,20,57.4,59,63,Onion,,,,,,,,,,,,,,,
338,56,85,5.3,16,62.5,63,120,Onion,,,,,,,,,,,,,,,
157,65,112,5.4,22,64.6,59,50,Onion,,,,,,,,,,,,,,,
159,51,37,5.6,14,59.4,61,93,Onion,,,,,,,,,,,,,,,
264,52,62,5.5,19,57.1,68,97,Onion,,,,,,,,,,,,,,,
337,55,84,5.3,22,56.4,59,93,Onion,,,,,,,,,,,,,,,
163,66,111,5.6,23,55.9,58,64,Onion,,,,,,,,,,,,,,,
157,50,36,5.6,13,64.9,54,94,Onion,,,,,,,,,,,,,,,
266,51,63,5.6,22,59,51,80,Onion,,,,,,,,,,,,,,,
340,57,83,5.5,16,63.9,53,111,Onion,,,,,,,,,,,,,,,
154,67,110,5.6,20,56.3,57,96,Onion,,,,,,,,,,,,,,,
158,50,35,5.4,14,62.2,51,63,Onion,,,,,,,,,,,,,,,
262,54,61,5.4,23,62.9,58,79,Onion,,,,,,,,,,,,,,,
335,56,86,5.4,22,63.3,66,61,Onion,,,,,,,,,,,,,,,
152,68,114,5.6,24,55.7,63,88,Onion,,,,,,,,,,,,,,,
160,49,37,5.3,16,60.4,52,97,Onion,,,,,,,,,,,,,,,
265,53,60,5.6,17,58.5,62,104,Onion,,,,,,,,,,,,,,,
338,54,85,5.7,22,61.6,68,116,Onion,,,,,,,,,,,,,,,
148,65,112,5.3,23,59.8,66,107,Onion,,,,,,,,,,,,,,,
159,51,36,5.3,23,60.2,57,64,Onion,,,,,,,,,,,,,,,
263,52,59,5.4,20,63.2,65,63,Onion,,,,,,,,,,,,,,,
339,55,87,5.6,17,64.5,54,111,Onion,,,,,,,,,,,,,,,
155,69,109,5.5,13,62.5,60,70,Onion,,,,,,,,,,,,,,,
157,50,35,5.4,22,55.2,66,96,Onion,,,,,,,,,,,,,,,
264,54,62,5.4,19,62.3,56,120,Onion,,,,,,,,,,,,,,,
336,57,84,5.7,21,58.2,63,117,Onion,,,,,,,,,,,,,,,
159,67,113,5.6,18,63.5,62,105,Onion,,,,,,,,,,,,,,,
158,50,40,5.6,18,62.4,57,51,Onion,,,,,,,,,,,,,,,
264,51,59,5.5,17,56.9,63,97,Onion,,,,,,,,,,,,,,,
337,54,87,5.3,14,55.9,55,118,Onion,,,,,,,,,,,,,,,
167,65,113,5.5,18,63.2,64,95,Onion,,,,,,,,,,,,,,,
154,46,34,5.6,15,56.1,54,120,Onion,,,,,,,,,,,,,,,
246,47,48,5.5,13,62,54,54,Onion,,,,,,,,,,,,,,,
312,42,59,5.5,16,64.4,65,70,Onion,,,,,,,,,,,,,,,
156,49,73,5.4,13,62.4,50,108,Onion,,,,,,,,,,,,,,,
157,49,35,5.4,15,56.7,70,57,Onion,,,,,,,,,,,,,,,
264,52,63,5.4,20,61.9,59,114,Onion,,,,,,,,,,,,,,,
338,55,89,5.4,13,61.1,68,85,Onion,,,,,,,,,,,,,,,
146,63,115,5.5,14,60,50,89,Onion,,,,,,,,,,,,,,,
155,47,34,5.6,20,62.7,57,55,Onion,,,,,,,,,,,,,,,
249,44,41,5.5,21,57,51,55,Onion,,,,,,,,,,,,,,,
311,43,63,5.3,24,56.6,60,95,Onion,,,,,,,,,,,,,,,
167,49,78,5.6,13,59.6,62,57,Onion,,,,,,,,,,,,,,,
160,51,39,5.5,21,60.9,54,93,Onion,,,,,,,,,,,,,,,
265,53,63,5.3,20,56.8,54,95,Onion,,,,,,,,,,,,,,,
336,57,80,5.7,22,58.6,67,60,Onion,,,,,,,,,,,,,,,
166,65,114,5.6,24,63.3,54,92,Onion,,,,,,,,,,,,,,,
160,52,39,5.5,17,55.9,50,89,Onion,,,,,,,,,,,,,,,
261,50,59,5.5,13,58.1,64,109,Onion,,,,,,,,,,,,,,,
337,56,79,5.5,21,61.6,64,84,Onion,,,,,,,,,,,,,,,
153,66,113,5.7,14,56.9,69,77,Onion,,,,,,,,,,,,,,,
159,50,33,5.6,22,56.3,57,97,Onion,,,,,,,,,,,,,,,
267,50,60,5.4,24,61.8,54,60,Onion,,,,,,,,,,,,,,,
340,55,78,5.3,19,58.6,55,58,Onion,,,,,,,,,,,,,,,
161,68,109,5.3,19,60.4,54,112,Onion,,,,,,,,,,,,,,,
155,49,39,5.6,15,63.3,50,88,Onion,,,,,,,,,,,,,,,
261,55,62,5.7,18,56.3,68,61,Onion,,,,,,,,,,,,,,,
334,57,90,5.5,13,55.7,60,105,Onion,,,,,,,,,,,,,,,
157,67,117,5.3,24,56.2,68,93,Onion,,,,,,,,,,,,,,,
160,48,38,5.6,20,60.4,60,67,Onion,,,,,,,,,,,,,,,
265,52,63,5.5,15,63.8,56,117,Onion,,,,,,,,,,,,,,,
340,53,87,5.6,14,61.3,62,64,Onion,,,,,,,,,,,,,,,
160,64,108,5.5,16,59.3,69,52,Onion,,,,,,,,,,,,,,,
161,52,31,5.3,18,55.9,58,118,Onion,,,,,,,,,,,,,,,
262,51,60,5.5,19,63.2,61,90,Onion,,,,,,,,,,,,,,,
339,53,88,5.6,16,56.1,52,74,Onion,,,,,,,,,,,,,,,
146,69,111,5.5,20,62,68,97,Onion,,,,,,,,,,,,,,,
154,49,34,5.5,18,64.4,64,64,Onion,,,,,,,,,,,,,,,
263,53,59,5.4,15,62.4,69,53,Onion,,,,,,,,,,,,,,,
337,58,86,5.4,23,56.7,52,99,Onion,,,,,,,,,,,,,,,
166,66,113,5.4,20,61.9,67,99,Onion,,,,,,,,,,,,,,,
157,50,36,5.4,23,61.1,65,86,Onion,,,,,,,,,,,,,,,
262,52,63,5.5,15,60,57,111,Onion,,,,,,,,,,,,,,,
335,57,84,5.6,22,62.7,67,98,Onion,,,,,,,,,,,,,,,
155,65,110,5.5,15,57,68,104,Onion,,,,,,,,,,,,,,,
154,45,27,5.3,17,56.6,67,91,Onion,,,,,,,,,,,,,,,
250,45,46,5.6,17,59.6,59,79,Onion,,,,,,,,,,,,,,,
312,42,60,5.5,13,60.9,58,63,Onion,,,,,,,,,,,,,,,
165,46,72,5.3,19,56.8,51,60,Onion,,,,,,,,,,,,,,,
159,50,39,5.7,17,58.6,69,118,Onion,,,,,,,,,,,,,,,
261,52,61,5.6,16,63.3,61,94,Onion,,,,,,,,,,,,,,,
340,57,82,5.5,15,55.9,68,51,Onion,,,,,,,,,,,,,,,
149,66,110,5.5,17,58.1,52,67,Onion,,,,,,,,,,,,,,,
150,48,29,5.5,24,60,55,89,Onion,,,,,,,,,,,,,,,
246,46,43,5.6,16,57.1,57,109,Onion,,,,,,,,,,,,,,,
311,43,64,5.6,22,62.8,60,53,Onion,,,,,,,,,,,,,,,
149,49,74,5.6,17,56.3,62,119,Onion,,,,,,,,,,,,,,,
159,51,33,5.3,14,57.6,57,94,Onion,,,,,,,,,,,,,,,
262,54,59,5.6,18,60.5,70,120,Onion,,,,,,,,,,,,,,,
335,54,86,5.3,15,61.6,59,70,Onion,,,,,,,,,,,,,,,
152,66,110,5.4,19,60.9,70,115,Onion,,,,,,,,,,,,,,,
160,49,40,5.6,18,55,65,85,Onion,,,,,,,,,,,,,,,
264,51,57,5.4,16,64.7,53,93,Onion,,,,,,,,,,,,,,,
339,53,86,5.6,15,58.8,54,66,Onion,,,,,,,,,,,,,,,
147,65,112,5.6,15,62.7,61,112,Onion,,,,,,,,,,,,,,,
158,51,32,5.7,22,60.5,53,58,Onion,,,,,,,,,,,,,,,
265,52,65,5.4,20,64,62,111,Onion,,,,,,,,,,,,,,,
341,56,78,5.5,17,56.1,58,107,Onion,,,,,,,,,,,,,,,
148,67,113,5.4,18,60,58,50,Onion,,,,,,,,,,,,,,,
159,49,38,5.6,19,62,60,113,Onion,,,,,,,,,,,,,,,
261,54,57,5.3,13,57.4,68,71,Onion,,,,,,,,,,,,,,,
334,54,87,5.3,17,62.5,55,115,Onion,,,,,,,,,,,,,,,
174,66,118,5.4,22,64.6,69,59,Onion,,,,,,,,,,,,,,,
160,47,34,5.6,19,59.4,61,57,Onion,,,,,,,,,,,,,,,
263,54,61,5.5,14,57.1,55,87,Onion,,,,,,,,,,,,,,,
336,52,89,5.3,15,56.4,61,69,Onion,,,,,,,,,,,,,,,
164,65,115,5.6,13,55.9,65,80,Onion,,,,,,,,,,,,,,,
161,49,34,5.6,23,64.9,52,77,Onion,,,,,,,,,,,,,,,
260,51,54,5.6,14,59,50,113,Onion,,,,,,,,,,,,,,,
340,54,83,5.5,15,63.9,61,102,Onion,,,,,,,,,,,,,,,
175,70,104,5.6,21,56.3,60,64,Onion,,,,,,,,,,,,,,,
157,49,34,5.4,13,62.2,70,73,Onion,,,,,,,,,,,,,,,
264,54,61,5.4,24,62.9,54,83,Onion,,,,,,,,,,,,,,,
336,55,85,5.4,16,63.3,62,66,Onion,,,,,,,,,,,,,,,
163,68,116,5.6,23,55.7,69,119,Onion,,,,,,,,,,,,,,,
158,48,43,5.3,21,60.4,61,51,Onion,,,,,,,,,,,,,,,
266,49,56,5.6,23,58.5,68,116,Onion,,,,,,,,,,,,,,,
339,54,84,5.7,23,61.6,68,118,Onion,,,,,,,,,,,,,,,
163,64,110,5.3,20,59.8,55,82,Onion,,,,,,,,,,,,,,,
152,45,32,5.3,15,60.2,62,66,Onion,,,,,,,,,,,,,,,
246,45,50,5.4,18,63.2,59,101,Onion,,,,,,,,,,,,,,,
309,43,59,5.6,15,64.5,62,109,Onion,,,,,,,,,,,,,,,
170,48,75,5.5,14,62.5,63,101,Onion,,,,,,,,,,,,,,,
154,50,30,5.4,19,55.2,60,70,Onion,,,,,,,,,,,,,,,
261,51,65,5.4,16,62.3,64,74,Onion,,,,,,,,,,,,,,,
335,56,87,5.7,22,58.2,65,101,Onion,,,,,,,,,,,,,,,
169,63,110,5.6,13,63.5,57,65,Onion,,,,,,,,,,,,,,,
157,48,36,5.6,14,62.4,67,50,Onion,,,,,,,,,,,,,,,
246,44,39,5.5,14,56.9,62,60,Onion,,,,,,,,,,,,,,,
311,43,63,5.3,14,55.9,58,56,Onion,,,,,,,,,,,,,,,
162,50,80,5.5,20,63.2,56,82,Onion,,,,,,,,,,,,,,,
157,51,37,5.6,18,56.1,62,116,Onion,,,,,,,,,,,,,,,
264,51,60,5.5,13,62,57,68,Onion,,,,,,,,,,,,,,,
165,142,46,5.2,25,66,73,163,Papaya,,,,,,,,,,,,,,,
151,130,50,5.1,23,61.6,61,137,Papaya,,,,,,,,,,,,,,,
300,118,59,5.1,22,66.8,63,152,Papaya,,,,,,,,,,,,,,,
201,112,56,5.3,23,65.5,74,126,Papaya,,,,,,,,,,,,,,,
368,163,272,5.2,29,65.6,79,128,Papaya,,,,,,,,,,,,,,,
151,145,259,5.3,22,68.9,65,194,Papaya,,,,,,,,,,,,,,,
186,127,245,5.3,24,61.6,74,155,Papaya,,,,,,,,,,,,,,,
287,112.5,232,5,32,64.1,73,143,Papaya,,,,,,,,,,,,,,,
365,142,246,5.3,29,69.5,70,187,Papaya,,,,,,,,,,,,,,,
170,130,240,5.3,31,70.7,73,174,Papaya,,,,,,,,,,,,,,,
197,118,234,5.1,28,62.5,60,129,Papaya,,,,,,,,,,,,,,,
219.7,112,231,5.4,27,69.5,71,182,Papaya,,,,,,,,,,,,,,,
240,82,221,5,29,70.8,61,194,Papaya,,,,,,,,,,,,,,,
152,80,265,5.4,26,64.5,62,155,Papaya,,,,,,,,,,,,,,,
196,78,309,5.2,28,69.3,62,187,Papaya,,,,,,,,,,,,,,,
208,82,356,5,32,65.9,68,124,Papaya,,,,,,,,,,,,,,,
240,82,221,5.1,26,62.3,75,123,Papaya,,,,,,,,,,,,,,,
165,80,265,5,23,68.4,77,199,Papaya,,,,,,,,,,,,,,,
172,78,309,5,29,68.2,79,126,Papaya,,,,,,,,,,,,,,,
226.3,82,356,5.4,26,70,74,164,Papaya,,,,,,,,,,,,,,,
244,85,226,5.2,29,62.1,73,121,Papaya,,,,,,,,,,,,,,,
166,88,220,5.3,30,65.1,69,149,Papaya,,,,,,,,,,,,,,,
267,93,316,5.1,24,69.8,63,175,Papaya,,,,,,,,,,,,,,,
188,90,360,5.4,30,64.6,68,185,Papaya,,,,,,,,,,,,,,,
240,82,221,5.1,22,70.7,60,171,Papaya,,,,,,,,,,,,,,,
152,80,265,5.1,25,64,62,191,Papaya,,,,,,,,,,,,,,,
273,78,309,5.1,31,61.7,75,195,Papaya,,,,,,,,,,,,,,,
270,82,356,5.2,23,66.9,78,176,Papaya,,,,,,,,,,,,,,,
244,85,226,5,22,65,61,136,Papaya,,,,,,,,,,,,,,,
159,88,220,5.4,29,68.8,75,189,Papaya,,,,,,,,,,,,,,,
205,93,316,5.4,23,66,76,129,Papaya,,,,,,,,,,,,,,,
215,90,360,5.2,24,65.7,69,187,Papaya,,,,,,,,,,,,,,,
240,82,221,5.4,23,61.4,70,150,Papaya,,,,,,,,,,,,,,,
148,80,265,5,30,70.2,69,120,Papaya,,,,,,,,,,,,,,,
207,78,309,5.1,30,70.7,63,186,Papaya,,,,,,,,,,,,,,,
205,82,356,5.4,27,63,69,148,Papaya,,,,,,,,,,,,,,,
244,85,226,5.2,26,65.3,77,173,Papaya,,,,,,,,,,,,,,,
163,88,220,5.3,31,65.7,76,146,Papaya,,,,,,,,,,,,,,,
222,93,316,5.1,31,67.5,73,131,Papaya,,,,,,,,,,,,,,,
259.5,90,360,5.3,23,68.8,68,176,Papaya,,,,,,,,,,,,,,,
244,85,226,5.1,27,70.6,60,129,Papaya,,,,,,,,,,,,,,,
152,88,220,5,24,63.6,70,196,Papaya,,,,,,,,,,,,,,,
185,93,316,5.3,26,62.4,71,179,Papaya,,,,,,,,,,,,,,,
264,90,360,5.3,26,69.9,67,162,Papaya,,,,,,,,,,,,,,,
242,84,219,5.2,31,62,70,187,Papaya,,,,,,,,,,,,,,,
150,82,262,5.3,26,66.8,61,122,Papaya,,,,,,,,,,,,,,,
191,81,305,5.2,32,70.2,80,181,Papaya,,,,,,,,,,,,,,,
179.8,83,358,5,30,66.2,70,123,Papaya,,,,,,,,,,,,,,,
246,87,228,5.1,24,68.4,69,144,Papaya,,,,,,,,,,,,,,,
153,87,267,5.2,28,66.2,80,157,Papaya,,,,,,,,,,,,,,,
297,94,318,5.2,32,70.7,69,162,Papaya,,,,,,,,,,,,,,,
230.1,91,363,5.4,27,67.5,75,125,Papaya,,,,,,,,,,,,,,,
243,83,224,5.3,23,66,77,196,Papaya,,,,,,,,,,,,,,,
148,83,266,5.3,23,69.8,80,121,Papaya,,,,,,,,,,,,,,,
181,80,311,5.2,24,65.4,64,164,Papaya,,,,,,,,,,,,,,,
213,85,361,5.1,27,68.9,73,185,Papaya,,,,,,,,,,,,,,,
245,86,230,5.4,29,66.5,77,156,Papaya,,,,,,,,,,,,,,,
160,86,270,5.1,24,66,63,142,Papaya,,,,,,,,,,,,,,,
184,92,320,5.2,31,64.6,70,200,Papaya,,,,,,,,,,,,,,,
281.5,92,365,5.3,27,65.3,64,187,Papaya,,,,,,,,,,,,,,,
241,84,223,5.3,24,70.1,73,138,Papaya,,,,,,,,,,,,,,,
157,81,264,5.1,28,65.1,61,131,Papaya,,,,,,,,,,,,,,,
232,78,308,5.4,23,65.3,78,135,Papaya,,,,,,,,,,,,,,,
203,84,357,5.3,22,69.4,72,145,Papaya,,,,,,,,,,,,,,,
247,85,227,5.1,31,62.1,62,195,Papaya,,,,,,,,,,,,,,,
172,85,265,5,27,70.2,76,159,Papaya,,,,,,,,,,,,,,,
177,95,317,5,27,65.9,67,137,Papaya,,,,,,,,,,,,,,,
249,93,364,5.1,26,64.9,76,136,Papaya,,,,,,,,,,,,,,,
242,84,225,5.2,25,67.5,60,173,Papaya,,,,,,,,,,,,,,,
149,87,268,5.3,23,64.1,63,196,Papaya,,,,,,,,,,,,,,,
195,92,314,5.4,23,61.1,67,152,Papaya,,,,,,,,,,,,,,,
246.2,92,362,5.1,24,69.8,79,158,Papaya,,,,,,,,,,,,,,,
245,85,223,5.1,31,64,66,172,Papaya,,,,,,,,,,,,,,,
167,83,266,5,32,69,75,151,Papaya,,,,,,,,,,,,,,,
205,78,309,5.3,30,69.6,73,120,Papaya,,,,,,,,,,,,,,,
214,85,357,5.4,32,67.5,62,178,Papaya,,,,,,,,,,,,,,,
248,86,230,5.1,23,66.1,72,175,Papaya,,,,,,,,,,,,,,,
159,87,268,5,24,63.5,70,183,Papaya,,,,,,,,,,,,,,,
298,91,319,5.3,22,70.7,74,130,Papaya,,,,,,,,,,,,,,,
274.8,92,366,5,26,70.6,65,125,Papaya,,,,,,,,,,,,,,,
244,85,227,5.4,23,70,61,169,Papaya,,,,,,,,,,,,,,,
153,86,269,5.2,32,62.1,68,125,Papaya,,,,,,,,,,,,,,,
184,79,313,5.3,31,65.1,76,154,Papaya,,,,,,,,,,,,,,,
174,84,362,5.1,32,69.8,76,171,Papaya,,,,,,,,,,,,,,,
243,84,225,5.4,28,64.6,64,120,Papaya,,,,,,,,,,,,,,,
155,81,264,5.1,29,70.7,71,149,Papaya,,,,,,,,,,,,,,,
246,82,307,5.1,25,64,68,131,Papaya,,,,,,,,,,,,,,,
296,84,359,5.1,32,61.7,77,179,Papaya,,,,,,,,,,,,,,,
247,85,228,5.2,32,66.9,70,154,Papaya,,,,,,,,,,,,,,,
159,86,265,5,26,65,66,153,Papaya,,,,,,,,,,,,,,,
258,91,321,5.4,23,68.8,62,156,Papaya,,,,,,,,,,,,,,,
232,93,364,5.4,29,66,62,153,Papaya,,,,,,,,,,,,,,,
245,86,224,5.2,22,65.7,67,191,Papaya,,,,,,,,,,,,,,,
176,83,267,5.4,22,61.4,67,164,Papaya,,,,,,,,,,,,,,,
231.8,78,309,5,25,70.2,62,132,Papaya,,,,,,,,,,,,,,,
218,83,362,5.1,32,70.7,74,149,Papaya,,,,,,,,,,,,,,,
246,85,229,5.4,32,63,73,123,Papaya,,,,,,,,,,,,,,,
174,88,268,5.2,27,65.3,78,133,Papaya,,,,,,,,,,,,,,,
173,93,319,5.3,32,65.7,79,142,Papaya,,,,,,,,,,,,,,,
224,90,365,5.1,26,67.5,70,164,Papaya,,,,,,,,,,,,,,,
247,87,230,5.2,31,66,76,131,Papaya,,,,,,,,,,,,,,,
146,87,271,5.1,22,61.6,79,138,Papaya,,,,,,,,,,,,,,,
217,94,322,5.1,27,66.8,78,141,Papaya,,,,,,,,,,,,,,,
298,93,366,5.3,23,65.5,78,190,Papaya,,,,,,,,,,,,,,,
245,84,226,5.2,23,65.6,68,168,Papaya,,,,,,,,,,,,,,,
168,83,266,5.3,29,68.9,62,128,Papaya,,,,,,,,,,,,,,,
227,78,312,5.3,30,61.6,74,122,Papaya,,,,,,,,,,,,,,,
270,84,357,5,29,64.1,78,156,Papaya,,,,,,,,,,,,,,,
246,87,228,5.3,24,69.5,74,189,Papaya,,,,,,,,,,,,,,,
175,86,268,5.3,28,70.7,72,152,Papaya,,,,,,,,,,,,,,,
212,92,320,5.1,32,62.5,75,148,Papaya,,,,,,,,,,,,,,,
285,92,364,5.4,32,69.5,65,155,Papaya,,,,,,,,,,,,,,,
244,85,225,5,23,70.8,74,194,Papaya,,,,,,,,,,,,,,,
166,88,267,5.4,25,64.5,60,177,Papaya,,,,,,,,,,,,,,,
284.3,82,312,5.2,29,69.3,79,173,Papaya,,,,,,,,,,,,,,,
225,91,360,5,27,65.9,74,198,Papaya,,,,,,,,,,,,,,,
241,84,223,5.1,32,62.3,80,174,Papaya,,,,,,,,,,,,,,,
156,81,264,5,32,68.4,74,122,Papaya,,,,,,,,,,,,,,,
230,78,308,5,31,68.2,69,169,Papaya,,,,,,,,,,,,,,,
215,84,357,5.4,28,70,74,121,Papaya,,,,,,,,,,,,,,,
247,85,227,5.2,29,62.1,75,135,Papaya,,,,,,,,,,,,,,,
162,85,265,5.3,31,65.1,70,181,Papaya,,,,,,,,,,,,,,,
193.9,95,317,5.1,27,69.8,76,154,Papaya,,,,,,,,,,,,,,,
172,93,364,5.4,32,64.6,77,195,Papaya,,,,,,,,,,,,,,,
242,84,225,5.1,30,70.7,71,195,Papaya,,,,,,,,,,,,,,,
162,87,268,5.1,22,64,71,126,Papaya,,,,,,,,,,,,,,,
206,92,314,5.1,28,61.7,74,158,Papaya,,,,,,,,,,,,,,,
248,92,362,5.2,30,66.9,68,149,Papaya,,,,,,,,,,,,,,,
245,85,223,5,31,65,79,178,Papaya,,,,,,,,,,,,,,,
153,83,266,5.4,24,68.8,78,175,Papaya,,,,,,,,,,,,,,,
246.7,78,309,5.4,32,66,77,131,Papaya,,,,,,,,,,,,,,,
197,85,357,5.2,29,65.7,79,183,Papaya,,,,,,,,,,,,,,,
248,86,230,5.4,27,61.4,78,139,Papaya,,,,,,,,,,,,,,,
159,87,268,5,31,70.2,80,197,Papaya,,,,,,,,,,,,,,,
297,91,319,5.1,25,70.7,79,161,Papaya,,,,,,,,,,,,,,,
170,92,366,5.4,28,63,70,128,Papaya,,,,,,,,,,,,,,,
244,85,227,5.2,32,65.3,67,196,Papaya,,,,,,,,,,,,,,,
172,86,269,5.3,25,65.7,62,178,Papaya,,,,,,,,,,,,,,,
205,79,313,5.1,22,67.5,79,136,Papaya,,,,,,,,,,,,,,,
252,84,362,5.3,27,68.8,76,141,Papaya,,,,,,,,,,,,,,,
176,93,364,5.1,22,70.6,64,130,Papaya,,,,,,,,,,,,,,,
172,86,224,5,31,63.6,80,134,Papaya,,,,,,,,,,,,,,,
368,83,267,5.3,27,62.4,63,131,Papaya,,,,,,,,,,,,,,,
222,78,309,5.3,29,69.9,71,158,Papaya,,,,,,,,,,,,,,,
295,83,362,5.2,25,62,72,123,Papaya,,,,,,,,,,,,,,,
151,85,229,5.3,31,66.8,68,129,Papaya,,,,,,,,,,,,,,,
360,88,268,5.2,27,70.2,78,198,Papaya,,,,,,,,,,,,,,,
192,93,319,5,29,66.2,73,159,Papaya,,,,,,,,,,,,,,,
208.4,90,365,5.1,26,68.4,77,189,Papaya,,,,,,,,,,,,,,,
168,87,230,5.2,31,66.2,69,199,Papaya,,,,,,,,,,,,,,,
146,48,29,6.2,29,70,74,53,Peanut,,,,,,,,,,,,,,,
229,49,38,6.1,27,69.6,71,58,Peanut,,,,,,,,,,,,,,,
281,49,47,6.3,28,72.9,56,65,Peanut,,,,,,,,,,,,,,,
176,55,59,6.3,28,66.6,61,54,Peanut,,,,,,,,,,,,,,,
147,48,32,6,30,71.7,59,59,Peanut,,,,,,,,,,,,,,,
230,47,49,6.3,28,72.7,67,54,Peanut,,,,,,,,,,,,,,,
283,46,65,6.3,27,74.5,67,57,Peanut,,,,,,,,,,,,,,,
168,51,84,6,31,71.3,67,70,Peanut,,,,,,,,,,,,,,,
145,46,29,6.2,31,72.9,71,70,Peanut,,,,,,,,,,,,,,,
224,43,38,6.2,30,71.2,59,60,Peanut,,,,,,,,,,,,,,,
273,39,47,6.3,34,72.4,54,54,Peanut,,,,,,,,,,,,,,,
156,41,59,6.2,30,73.6,71,61,Peanut,,,,,,,,,,,,,,,
145,47,30,6.2,31,74.9,69,64,Peanut,,,,,,,,,,,,,,,
226,44,41,6.2,34,70.6,65,51,Peanut,,,,,,,,,,,,,,,
276,41,52,6.2,35,70.2,68,50,Peanut,,,,,,,,,,,,,,,
161,44,66,6.2,25,71.2,59,67,Peanut,,,,,,,,,,,,,,,
144,46,27,6.1,35,73.1,59,53,Peanut,,,,,,,,,,,,,,,
221,41,34,6.3,27,66.3,68,63,Peanut,,,,,,,,,,,,,,,
268,36,40,6.1,32,66.8,69,57,Peanut,,,,,,,,,,,,,,,
159,37,49,6.1,34,68.3,60,54,Peanut,,,,,,,,,,,,,,,
146,48,29,6.1,32,69,56,56,Peanut,,,,,,,,,,,,,,,
229,49,38,6.2,31,66.6,53,50,Peanut,,,,,,,,,,,,,,,
281,49,47,6.4,25,71.6,73,58,Peanut,,,,,,,,,,,,,,,
163,55,59,6.3,27,70.8,68,55,Peanut,,,,,,,,,,,,,,,
148,48,31,6.2,34,69.1,60,57,Peanut,,,,,,,,,,,,,,,
233,48,45,6.1,33,68.3,69,53,Peanut,,,,,,,,,,,,,,,
288,48,59,6,26,72.7,56,57,Peanut,,,,,,,,,,,,,,,
148,54,76,6,34,67.5,61,53,Peanut,,,,,,,,,,,,,,,
148,45,41,6.4,30,65.6,50,69,Peanut,,,,,,,,,,,,,,,
233,38,28,6.3,25,68.4,75,52,Peanut,,,,,,,,,,,,,,,
288,31,30,6.4,33,71.4,58,56,Peanut,,,,,,,,,,,,,,,
150,30,35,6.1,34,73.1,68,56,Peanut,,,,,,,,,,,,,,,
147,48,41,6,33,73,58,56,Peanut,,,,,,,,,,,,,,,
215,34,35,6.1,28,74,67,66,Peanut,,,,,,,,,,,,,,,
255,23,29,6.2,34,67.9,71,53,Peanut,,,,,,,,,,,,,,,
148,16,26,6.1,32,66,74,65,Peanut,,,,,,,,,,,,,,,
140,102,71,6.3,26,67.1,56,65,Peanut,,,,,,,,,,,,,,,
210,100,75,6.3,32,67.5,57,63,Peanut,,,,,,,,,,,,,,,
250,98,79,6.4,34,73.7,67,61,Peanut,,,,,,,,,,,,,,,
149,102,86,6.2,34,70.8,67,60,Peanut,,,,,,,,,,,,,,,
140,102,71,6.2,32,68.4,73,66,Peanut,,,,,,,,,,,,,,,
210,100,75,6.2,28,71.2,52,53,Peanut,,,,,,,,,,,,,,,
250,98,79,6.2,25,73,50,66,Peanut,,,,,,,,,,,,,,,
169,102,86,6.3,26,74.7,66,53,Peanut,,,,,,,,,,,,,,,
140,105,73,6,26,71.6,61,70,Peanut,,,,,,,,,,,,,,,
210,107,78,6.3,27,73.9,72,68,Peanut,,,,,,,,,,,,,,,
250,102,81,6.4,27,74.6,55,59,Peanut,,,,,,,,,,,,,,,
173,105,89,6.3,32,72.9,51,61,Peanut,,,,,,,,,,,,,,,
140,102,71,6.3,29,65.8,58,54,Peanut,,,,,,,,,,,,,,,
210,100,75,6.3,29,73,58,66,Peanut,,,,,,,,,,,,,,,
250,98,79,6.1,25,68,74,57,Peanut,,,,,,,,,,,,,,,
162,102,86,6.3,26,72.9,67,70,Peanut,,,,,,,,,,,,,,,
140,105,73,6.3,28,65.3,72,57,Peanut,,,,,,,,,,,,,,,
210,107,78,6.3,25,65.6,66,60,Peanut,,,,,,,,,,,,,,,
250,102,81,6.2,33,69.8,57,54,Peanut,,,,,,,,,,,,,,,
159,105,89,6.1,32,69,53,65,Peanut,,,,,,,,,,,,,,,
140,102,71,6.4,25,71.8,53,59,Peanut,,,,,,,,,,,,,,,
210,100,75,6.2,32,73.6,74,54,Peanut,,,,,,,,,,,,,,,
250,98,79,6.2,31,65.7,62,53,Peanut,,,,,,,,,,,,,,,
154,102,86,6.3,30,74.8,55,51,Peanut,,,,,,,,,,,,,,,
140,106,73,6.2,30,67,65,54,Peanut,,,,,,,,,,,,,,,
210,107,78,6.3,27,73.4,61,53,Peanut,,,,,,,,,,,,,,,
250,102,81,6.3,27,65.4,69,68,Peanut,,,,,,,,,,,,,,,
167,105,89,6.3,28,70,60,57,Peanut,,,,,,,,,,,,,,,
140,103,72,6.2,32,71.3,55,53,Peanut,,,,,,,,,,,,,,,
210,98,74,6.4,28,73.7,57,54,Peanut,,,,,,,,,,,,,,,
250,97,80,6.3,29,66,53,57,Peanut,,,,,,,,,,,,,,,
171,103,85,6,35,74.7,74,56,Peanut,,,,,,,,,,,,,,,
140,104,74,6.2,29,71.1,69,54,Peanut,,,,,,,,,,,,,,,
210,106,79,6.2,30,65.5,75,53,Peanut,,,,,,,,,,,,,,,
250,103,80,6.2,31,66.7,58,68,Peanut,,,,,,,,,,,,,,,
161,104,88,6.3,32,72.3,51,62,Peanut,,,,,,,,,,,,,,,
140,103,72,6.1,29,72.1,72,68,Peanut,,,,,,,,,,,,,,,
210,101,76,6.2,26,70.3,62,55,Peanut,,,,,,,,,,,,,,,
250,97,78,6,27,65,69,59,Peanut,,,,,,,,,,,,,,,
176,101,87,6.3,35,71.6,54,50,Peanut,,,,,,,,,,,,,,,
140,107,75,6.1,32,72.8,58,54,Peanut,,,,,,,,,,,,,,,
210,108,77,6.4,29,65.7,63,67,Peanut,,,,,,,,,,,,,,,
250,101,80,6,29,67.7,66,58,Peanut,,,,,,,,,,,,,,,
158,106,88,6.1,29,68.4,75,56,Peanut,,,,,,,,,,,,,,,
140,104,72,6.2,32,66.6,52,58,Peanut,,,,,,,,,,,,,,,
210,102,75,6.4,31,71.6,73,57,Peanut,,,,,,,,,,,,,,,
250,99,79,6.3,28,70.8,75,69,Peanut,,,,,,,,,,,,,,,
159,101,86,6.2,25,69.1,73,53,Peanut,,,,,,,,,,,,,,,
140,106,74,6.1,33,68.3,51,59,Peanut,,,,,,,,,,,,,,,
210,105,79,6,32,72.7,60,65,Peanut,,,,,,,,,,,,,,,
250,104,82,6,27,67.5,74,58,Peanut,,,,,,,,,,,,,,,
146,106,87,6.4,28,65.6,68,59,Peanut,,,,,,,,,,,,,,,
140,108,73,6.3,29,68.4,60,67,Peanut,,,,,,,,,,,,,,,
210,109,78,6.4,31,71.4,52,59,Peanut,,,,,,,,,,,,,,,
250,105,81,6.1,27,73.1,65,70,Peanut,,,,,,,,,,,,,,,
174,107,88,6,25,73,62,55,Peanut,,,,,,,,,,,,,,,
142,109,74,6.1,29,74,61,68,Peanut,,,,,,,,,,,,,,,
211,110,80,6.2,32,67.9,70,64,Peanut,,,,,,,,,,,,,,,
252,106,83,6.1,30,66,52,58,Peanut,,,,,,,,,,,,,,,
153,108,90,6.3,33,67.1,67,63,Peanut,,,,,,,,,,,,,,,
141,106,71,6.3,27,67.5,50,62,Peanut,,,,,,,,,,,,,,,
209,103,75,6.4,35,73.7,71,64,Peanut,,,,,,,,,,,,,,,
249,100,79,6.2,31,70.8,51,53,Peanut,,,,,,,,,,,,,,,
164,105,86,6.2,30,68.4,64,51,Peanut,,,,,,,,,,,,,,,
143,104,72,6.2,27,70,62,50,Peanut,,,,,,,,,,,,,,,
212,102,77,6.1,35,69.6,52,64,Peanut,,,,,,,,,,,,,,,
254,99,80,6.3,33,72.9,72,55,Peanut,,,,,,,,,,,,,,,
171,102,87,6.3,35,66.6,70,63,Peanut,,,,,,,,,,,,,,,
144,108,75,6,25,71.7,72,58,Peanut,,,,,,,,,,,,,,,
213,105,78,6.3,28,72.7,50,54,Peanut,,,,,,,,,,,,,,,
256,104,82,6.3,28,74.5,54,68,Peanut,,,,,,,,,,,,,,,
148,107,89,6,35,71.3,71,68,Peanut,,,,,,,,,,,,,,,
141,102,71,6.2,28,72.9,60,59,Peanut,,,,,,,,,,,,,,,
209,100,74,6.2,26,71.2,73,70,Peanut,,,,,,,,,,,,,,,
250,98,79,6.3,25,72.4,59,69,Peanut,,,,,,,,,,,,,,,
175,103,86,6.2,31,73.6,61,65,Peanut,,,,,,,,,,,,,,,
145,103,72,6.2,34,74.9,62,64,Peanut,,,,,,,,,,,,,,,
214,105,78,6.2,34,70.6,71,57,Peanut,,,,,,,,,,,,,,,
255,102,80,6.2,35,70.2,51,60,Peanut,,,,,,,,,,,,,,,
158,104,87,6.2,32,71.2,68,56,Peanut,,,,,,,,,,,,,,,
140,102,71,6.1,31,73.1,64,57,Peanut,,,,,,,,,,,,,,,
210,100,75,6.3,25,66.3,64,54,Peanut,,,,,,,,,,,,,,,
250,98,79,6.1,34,66.8,51,68,Peanut,,,,,,,,,,,,,,,
165,102,86,6.1,27,68.3,56,67,Peanut,,,,,,,,,,,,,,,
143,107,73,6.1,35,69,66,69,Peanut,,,,,,,,,,,,,,,
211,105,79,6.2,25,66.6,55,59,Peanut,,,,,,,,,,,,,,,
254,102,82,6.4,34,71.6,63,62,Peanut,,,,,,,,,,,,,,,
152,108,89,6.3,31,70.8,62,66,Peanut,,,,,,,,,,,,,,,
142,104,72,6.2,35,69.1,56,53,Peanut,,,,,,,,,,,,,,,
212,102,75,6.1,33,68.3,60,65,Peanut,,,,,,,,,,,,,,,
252,99,79,6,33,72.7,50,67,Peanut,,,,,,,,,,,,,,,
156,105,87,6,35,67.5,54,70,Peanut,,,,,,,,,,,,,,,
140,102,71,6.4,35,65.6,63,67,Peanut,,,,,,,,,,,,,,,
210,100,75,6.3,30,68.4,52,60,Peanut,,,,,,,,,,,,,,,
250,98,79,6.4,34,71.4,59,51,Peanut,,,,,,,,,,,,,,,
164,102,86,6.1,32,73.1,65,59,Peanut,,,,,,,,,,,,,,,
140,105,73,6,28,73,64,63,Peanut,,,,,,,,,,,,,,,
210,107,78,6.1,32,74,69,61,Peanut,,,,,,,,,,,,,,,
250,102,81,6.2,31,67.9,52,55,Peanut,,,,,,,,,,,,,,,
148,105,89,6.1,28,66,51,69,Peanut,,,,,,,,,,,,,,,
140,102,71,6.3,32,67.1,66,64,Peanut,,,,,,,,,,,,,,,
210,100,75,6.3,32,67.5,71,64,Peanut,,,,,,,,,,,,,,,
250,98,79,6.4,30,73.7,63,50,Peanut,,,,,,,,,,,,,,,
156,102,86,6.2,35,70.8,52,58,Peanut,,,,,,,,,,,,,,,
140,105,73,6.2,34,68.4,59,68,Peanut,,,,,,,,,,,,,,,
210,107,78,6.2,31,71.2,68,60,Peanut,,,,,,,,,,,,,,,
250,102,81,6.2,26,73,54,64,Peanut,,,,,,,,,,,,,,,
159,105,89,6.3,27,74.7,57,68,Peanut,,,,,,,,,,,,,,,
140,102,71,6,25,71.6,70,61,Peanut,,,,,,,,,,,,,,,
210,100,75,6.3,32,73.9,57,50,Peanut,,,,,,,,,,,,,,,
250,98,79,6.4,30,74.6,58,61,Peanut,,,,,,,,,,,,,,,
155,102,86,6.3,33,72.9,61,67,Peanut,,,,,,,,,,,,,,,
140,106,73,6.3,28,65.8,56,67,Peanut,,,,,,,,,,,,,,,
210,107,78,6.3,28,73,66,51,Peanut,,,,,,,,,,,,,,,
170,55,51,3.5,32,81,73,183,Pineapple,,,,,,,,,,,,,,,
156,68,106,3.7,35,79.6,73,167,Pineapple,,,,,,,,,,,,,,,
249,81,160,3.6,22,85.8,71,127,Pineapple,,,,,,,,,,,,,,,
201,100,217,3.4,34,83.5,76,126,Pineapple,,,,,,,,,,,,,,,
178,56,59,3.6,32,82.8,78,166,Pineapple,,,,,,,,,,,,,,,
176,72,128,3.7,26,84.5,76,188,Pineapple,,,,,,,,,,,,,,,
286,88,197,3.6,27,78.9,78,140,Pineapple,,,,,,,,,,,,,,,
199,111,269,3.4,32,84.8,73,178,Pineapple,,,,,,,,,,,,,,,
170,53,51,3.5,24,81.6,77,164,Pineapple,,,,,,,,,,,,,,,
175,64,106,3.4,29,79.1,78,123,Pineapple,,,,,,,,,,,,,,,
246.2,74,160,3.5,31,84.5,75,139,Pineapple,,,,,,,,,,,,,,,
225,90,217,3.4,24,85.1,70,145,Pineapple,,,,,,,,,,,,,,,
181,67,85,3.3,30,76.8,80,162,Pineapple,,,,,,,,,,,,,,,
165,87,147,3.5,26,77,76,146,Pineapple,,,,,,,,,,,,,,,
292,95,208,3.7,30,83.2,76,194,Pineapple,,,,,,,,,,,,,,,
272,110.5,270,3.4,34,85.9,72,166,Pineapple,,,,,,,,,,,,,,,
282,218,309,3.3,22,83.2,76,190,Pineapple,,,,,,,,,,,,,,,
156,180,255,3.4,31,82.3,75,143,Pineapple,,,,,,,,,,,,,,,
290,142,181,3.6,26,82,70,129,Pineapple,,,,,,,,,,,,,,,
200,168,249,3.6,20,85.5,73,162,Pineapple,,,,,,,,,,,,,,,
360,130,175,3.3,28,85.4,73,180,Pineapple,,,,,,,,,,,,,,,
174,92,101,3.3,21,79.8,70,151,Pineapple,,,,,,,,,,,,,,,
178,46,59,3.4,20,81.8,72,170,Pineapple,,,,,,,,,,,,,,,
323,72,128,3.5,23,81.5,77,189,Pineapple,,,,,,,,,,,,,,,
222,86,197,3.4,23,77.3,76,121,Pineapple,,,,,,,,,,,,,,,
146,110,269,3.3,21,82.8,76,127,Pineapple,,,,,,,,,,,,,,,
340,92,221,3.7,21,76.9,75,162,Pineapple,,,,,,,,,,,,,,,
262.1,90,235,3.4,25,83.4,73,161,Pineapple,,,,,,,,,,,,,,,
191.6,88,259,3.6,20,81.1,73,156,Pineapple,,,,,,,,,,,,,,,
150,92,306,3.5,31,81.8,71,197,Pineapple,,,,,,,,,,,,,,,
350,97,231,3.3,20,79.9,76,172,Pineapple,,,,,,,,,,,,,,,
296,95,243,3.6,31,85.9,75,182,Pineapple,,,,,,,,,,,,,,,
238,86,263,3.6,31,84.6,73,128,Pineapple,,,,,,,,,,,,,,,
148,94,311,3.3,35,80.6,79,162,Pineapple,,,,,,,,,,,,,,,
340,92,221,3.3,28,85.9,72,145,Pineapple,,,,,,,,,,,,,,,
226,90,235,3.4,21,82.6,75,177,Pineapple,,,,,,,,,,,,,,,
286,88,259,3.5,27,83.4,70,172,Pineapple,,,,,,,,,,,,,,,
148,92,306,3.4,27,80.3,70,149,Pineapple,,,,,,,,,,,,,,,
340,92,221,3.4,22,85.8,77,120,Pineapple,,,,,,,,,,,,,,,
234,90,235,3.4,25,77.3,73,197,Pineapple,,,,,,,,,,,,,,,
186,88,259,3.5,23,81,73,149,Pineapple,,,,,,,,,,,,,,,
150,92,306,3.6,27,84,73,141,Pineapple,,,,,,,,,,,,,,,
350,97,231,3.4,31,78,76,142,Pineapple,,,,,,,,,,,,,,,
247,95,243,3.3,30,85,79,186,Pineapple,,,,,,,,,,,,,,,
204.4,86,263,3.4,26,83.5,78,128,Pineapple,,,,,,,,,,,,,,,
164,94,311,3.4,22,82.9,73,169,Pineapple,,,,,,,,,,,,,,,
340,92,221,3.5,30,81.4,74,134,Pineapple,,,,,,,,,,,,,,,
270,90,235,3.7,30,83.1,77,163,Pineapple,,,,,,,,,,,,,,,
226.9,88,259,3.6,24,78.5,74,152,Pineapple,,,,,,,,,,,,,,,
148,92,306,3.6,35,82.8,78,131,Pineapple,,,,,,,,,,,,,,,
350,97,231,3.5,22,81,80,151,Pineapple,,,,,,,,,,,,,,,
265,95,243,3.7,26,79.6,70,140,Pineapple,,,,,,,,,,,,,,,
193,86,263,3.6,27,85.8,80,148,Pineapple,,,,,,,,,,,,,,,
146,94,311,3.4,27,83.5,79,124,Pineapple,,,,,,,,,,,,,,,
340,92,221,3.6,28,82.8,73,152,Pineapple,,,,,,,,,,,,,,,
215,90,235,3.7,28,84.5,79,196,Pineapple,,,,,,,,,,,,,,,
218.3,88,259,3.6,33,78.9,70,165,Pineapple,,,,,,,,,,,,,,,
169,92,306,3.4,35,84.8,70,155,Pineapple,,,,,,,,,,,,,,,
350,97,231,3.5,21,81.6,73,160,Pineapple,,,,,,,,,,,,,,,
214,95,243,3.4,28,79.1,73,138,Pineapple,,,,,,,,,,,,,,,
246,86,263,3.5,31,84.5,79,156,Pineapple,,,,,,,,,,,,,,,
175,94,311,3.4,26,85.1,77,197,Pineapple,,,,,,,,,,,,,,,
340,92,221,3.3,35,76.8,75,169,Pineapple,,,,,,,,,,,,,,,
244,90,235,3.5,20,77,80,125,Pineapple,,,,,,,,,,,,,,,
247,88,259,3.7,29,83.2,74,133,Pineapple,,,,,,,,,,,,,,,
147,92,306,3.4,34,85.9,71,180,Pineapple,,,,,,,,,,,,,,,
350,97,231,3.3,21,83.2,73,197,Pineapple,,,,,,,,,,,,,,,
259,95,243,3.4,35,82.3,74,171,Pineapple,,,,,,,,,,,,,,,
186,86,263,3.6,35,82,78,182,Pineapple,,,,,,,,,,,,,,,
175,94,311,3.6,29,85.5,78,138,Pineapple,,,,,,,,,,,,,,,
340,92,221,3.3,32,85.4,73,189,Pineapple,,,,,,,,,,,,,,,
171,90,235,3.3,33,79.8,71,158,Pineapple,,,,,,,,,,,,,,,
272,88,259,3.4,32,81.8,71,140,Pineapple,,,,,,,,,,,,,,,
153,92,306,3.5,33,81.5,77,159,Pineapple,,,,,,,,,,,,,,,
175,57,52,3.4,30,77.3,75,168,Pineapple,,,,,,,,,,,,,,,
310,69,108,3.3,20,82.8,70,135,Pineapple,,,,,,,,,,,,,,,
213,82,161,3.7,29,76.9,70,139,Pineapple,,,,,,,,,,,,,,,
167,101,218,3.4,26,83.4,71,127,Pineapple,,,,,,,,,,,,,,,
180,55,58,3.6,24,81.1,75,150,Pineapple,,,,,,,,,,,,,,,
328,71,130,3.5,25,81.8,77,185,Pineapple,,,,,,,,,,,,,,,
234,89,198,3.3,31,79.9,80,193,Pineapple,,,,,,,,,,,,,,,
161,110,270,3.6,30,85.9,76,161,Pineapple,,,,,,,,,,,,,,,
173,52,50,3.6,21,84.6,74,126,Pineapple,,,,,,,,,,,,,,,
300,63,105,3.3,31,80.6,76,147,Pineapple,,,,,,,,,,,,,,,
399,73,159,3.3,26,85.9,75,170,Pineapple,,,,,,,,,,,,,,,
174,89,216,3.4,27,82.6,80,175,Pineapple,,,,,,,,,,,,,,,
182,66,84,3.5,29,83.4,73,199,Pineapple,,,,,,,,,,,,,,,
327,86,146,3.4,21,80.3,73,158,Pineapple,,,,,,,,,,,,,,,
282,96,210,3.4,22,85.8,75,162,Pineapple,,,,,,,,,,,,,,,
150,109.5,268,3.4,26,77.3,74,133,Pineapple,,,,,,,,,,,,,,,
206,217,308,3.5,24,81,78,176,Pineapple,,,,,,,,,,,,,,,
279.6,179,254,3.6,20,84,80,193,Pineapple,,,,,,,,,,,,,,,
288,141,180,3.4,35,78,74,192,Pineapple,,,,,,,,,,,,,,,
169,167,250,3.3,21,85,71,172,Pineapple,,,,,,,,,,,,,,,
363,131,174,3.4,25,83.5,78,146,Pineapple,,,,,,,,,,,,,,,
242,91,100,3.4,25,82.9,73,150,Pineapple,,,,,,,,,,,,,,,
175,47,60,3.5,20,81.4,79,169,Pineapple,,,,,,,,,,,,,,,
164,71,127,3.7,28,83.1,78,193,Pineapple,,,,,,,,,,,,,,,
239,85,196,3.6,21,78.5,77,196,Pineapple,,,,,,,,,,,,,,,
277,109,268,3.6,33,82.8,80,181,Pineapple,,,,,,,,,,,,,,,
343,91,220,3.5,21,81,74,186,Pineapple,,,,,,,,,,,,,,,
163,89,234,3.7,27,79.6,76,150,Pineapple,,,,,,,,,,,,,,,
186,87,258,3.6,31,85.8,80,134,Pineapple,,,,,,,,,,,,,,,
269.9,91,305,3.4,32,83.5,70,132,Pineapple,,,,,,,,,,,,,,,
352,96,230,3.6,24,82.8,71,175,Pineapple,,,,,,,,,,,,,,,
167,96,244,3.7,29,84.5,80,144,Pineapple,,,,,,,,,,,,,,,
252.3,87,262,3.6,29,78.9,75,155,Pineapple,,,,,,,,,,,,,,,
180.3,93,310,3.4,21,84.8,74,160,Pineapple,,,,,,,,,,,,,,,
345,91,222,3.5,30,81.6,71,128,Pineapple,,,,,,,,,,,,,,,
176,91,236,3.4,20,79.1,70,160,Pineapple,,,,,,,,,,,,,,,
197,89,257,3.5,26,84.5,78,186,Pineapple,,,,,,,,,,,,,,,
170,91,307,3.4,29,85.1,70,138,Pineapple,,,,,,,,,,,,,,,
347,98,231,3.3,22,76.8,80,173,Pineapple,,,,,,,,,,,,,,,
148,94,244,3.5,31,77,71,191,Pineapple,,,,,,,,,,,,,,,
288.7,86,265,3.7,29,83.2,74,142,Pineapple,,,,,,,,,,,,,,,
211.5,93,312,3.4,34,85.9,74,148,Pineapple,,,,,,,,,,,,,,,
348,90,223,3.3,25,83.2,78,197,Pineapple,,,,,,,,,,,,,,,
168,92,236,3.4,33,82.3,71,163,Pineapple,,,,,,,,,,,,,,,
190,89,257,3.6,33,82,70,137,Pineapple,,,,,,,,,,,,,,,
254,92,306,3.6,30,85.5,78,184,Pineapple,,,,,,,,,,,,,,,
345,98,231,3.3,33,85.4,72,180,Pineapple,,,,,,,,,,,,,,,
151,94,243,3.3,34,79.8,72,162,Pineapple,,,,,,,,,,,,,,,
274,88,263,3.4,27,81.8,77,169,Pineapple,,,,,,,,,,,,,,,
191,94,311,3.5,20,81.5,73,174,Pineapple,,,,,,,,,,,,,,,
206,167,250,3.4,21,77.3,79,182,Pineapple,,,,,,,,,,,,,,,
166,131,174,3.3,26,82.8,75,120,Pineapple,,,,,,,,,,,,,,,
242,91,100,3.7,24,76.9,79,157,Pineapple,,,,,,,,,,,,,,,
175,47,60,3.4,23,83.4,75,141,Pineapple,,,,,,,,,,,,,,,
325,71,127,3.6,23,81.1,71,163,Pineapple,,,,,,,,,,,,,,,
156,85,196,3.5,24,81.8,76,192,Pineapple,,,,,,,,,,,,,,,
289.9,109,268,3.3,25,79.9,74,122,Pineapple,,,,,,,,,,,,,,,
343,91,220,3.6,33,85.9,76,160,Pineapple,,,,,,,,,,,,,,,
177,89,234,3.6,27,84.6,77,145,Pineapple,,,,,,,,,,,,,,,
173,87,258,3.3,21,80.6,76,152,Pineapple,,,,,,,,,,,,,,,
261,91,305,3.3,24,85.9,73,181,Pineapple,,,,,,,,,,,,,,,
352,96,230,3.4,32,82.6,73,200,Pineapple,,,,,,,,,,,,,,,
279,96,244,3.5,27,83.4,75,125,Pineapple,,,,,,,,,,,,,,,
155,87,262,3.4,20,80.3,76,148,Pineapple,,,,,,,,,,,,,,,
215,93,310,3.4,21,85.8,70,149,Pineapple,,,,,,,,,,,,,,,
345,91,222,3.4,23,77.3,72,156,Pineapple,,,,,,,,,,,,,,,
235,91,236,3.5,23,81,74,174,Pineapple,,,,,,,,,,,,,,,
167,89,257,3.6,25,84,79,185,Pineapple,,,,,,,,,,,,,,,
230,91,307,3.4,33,78,77,193,Pineapple,,,,,,,,,,,,,,,
347,98,231,3.3,34,85,75,140,Pineapple,,,,,,,,,,,,,,,
293,94,244,3.4,28,83.5,73,196,Pineapple,,,,,,,,,,,,,,,
176,86,265,3.4,34,82.9,70,157,Pineapple,,,,,,,,,,,,,,,
231.9,93,312,3.5,26,81.4,79,170,Pineapple,,,,,,,,,,,,,,,
348,90,223,3.7,31,83.1,70,169,Pineapple,,,,,,,,,,,,,,,
270,92,236,3.6,22,78.5,76,185,Pineapple,,,,,,,,,,,,,,,
148,89,257,3.6,29,82.8,73,198,Pineapple,,,,,,,,,,,,,,,
150,46,28,6.1,34,60,72,53,Pointed Gourd,,,,,,,,,,,,,,,
241,43,37,6,34,56.3,66,102,Pointed Gourd,,,,,,,,,,,,,,,
301,39,45,6,29,60.4,71,95,Pointed Gourd,,,,,,,,,,,,,,,
168,41,56,6,28,62.2,66,104,Pointed Gourd,,,,,,,,,,,,,,,
155,45,27,6,32,57.4,79,73,Pointed Gourd,,,,,,,,,,,,,,,
256,40,34,6.3,26,64.1,74,72,Pointed Gourd,,,,,,,,,,,,,,,
326,34,40,5.9,35,56.5,74,79,Pointed Gourd,,,,,,,,,,,,,,,
175,34,49,6.1,34,63.7,78,60,Pointed Gourd,,,,,,,,,,,,,,,
153,48,31,5.9,25,62.7,77,63,Pointed Gourd,,,,,,,,,,,,,,,
248,49,46,6.3,27,56.2,71,63,Pointed Gourd,,,,,,,,,,,,,,,
313,49,60,6.1,35,56.4,79,112,Pointed Gourd,,,,,,,,,,,,,,,
166,55,77,5.9,29,57.6,63,92,Pointed Gourd,,,,,,,,,,,,,,,
150,46,28,6,25,59.5,68,88,Pointed Gourd,,,,,,,,,,,,,,,
241,43,37,6.1,33,58.2,79,120,Pointed Gourd,,,,,,,,,,,,,,,
301,39,45,6,31,63.5,69,88,Pointed Gourd,,,,,,,,,,,,,,,
164,41,56,6.3,35,55.3,71,68,Pointed Gourd,,,,,,,,,,,,,,,
153,47,29,6,32,56.5,61,91,Pointed Gourd,,,,,,,,,,,,,,,
248,46,38,6.1,30,57.6,64,105,Pointed Gourd,,,,,,,,,,,,,,,
313,44,47,6.2,29,58.9,77,83,Pointed Gourd,,,,,,,,,,,,,,,
149,48,59,6.2,34,63.6,71,55,Pointed Gourd,,,,,,,,,,,,,,,
155,45,27,6.3,34,60.9,71,61,Pointed Gourd,,,,,,,,,,,,,,,
256,40,34,5.9,29,56.9,69,77,Pointed Gourd,,,,,,,,,,,,,,,
326,34,40,6,26,58.3,67,59,Pointed Gourd,,,,,,,,,,,,,,,
159,34,49,6.2,29,56.3,75,107,Pointed Gourd,,,,,,,,,,,,,,,
153,48,31,6,30,56.4,80,67,Pointed Gourd,,,,,,,,,,,,,,,
248,49,46,6,33,61.6,62,76,Pointed Gourd,,,,,,,,,,,,,,,
313,49,60,6.1,33,58.3,70,52,Pointed Gourd,,,,,,,,,,,,,,,
150,55,77,6,33,59,73,94,Pointed Gourd,,,,,,,,,,,,,,,
150,50,28,6.1,29,61.4,74,86,Pointed Gourd,,,,,,,,,,,,,,,
240,42,36,6.3,28,63.5,78,116,Pointed Gourd,,,,,,,,,,,,,,,
300,41,44,6.3,29,58.7,60,75,Pointed Gourd,,,,,,,,,,,,,,,
167,40,55,6.2,32,64.5,64,104,Pointed Gourd,,,,,,,,,,,,,,,
153,47,29,6,29,58,62,120,Pointed Gourd,,,,,,,,,,,,,,,
248,45,38,6.3,25,62.5,62,117,Pointed Gourd,,,,,,,,,,,,,,,
313,43,47,5.9,27,59.8,79,95,Pointed Gourd,,,,,,,,,,,,,,,
160,47,59,6,28,63.3,64,82,Pointed Gourd,,,,,,,,,,,,,,,
155,45,27,6.3,33,62.3,75,57,Pointed Gourd,,,,,,,,,,,,,,,
255,39,33,6.2,29,59.4,72,53,Pointed Gourd,,,,,,,,,,,,,,,
325,33,39,6.3,26,58.9,78,86,Pointed Gourd,,,,,,,,,,,,,,,
166,33,48,6.2,32,63.6,76,85,Pointed Gourd,,,,,,,,,,,,,,,
153,48,31,6.1,25,64.1,77,112,Pointed Gourd,,,,,,,,,,,,,,,
248,48,45,6.1,30,62.4,74,89,Pointed Gourd,,,,,,,,,,,,,,,
313,48,59,6,33,62.6,67,57,Pointed Gourd,,,,,,,,,,,,,,,
168,54,76,6.1,26,64.1,66,53,Pointed Gourd,,,,,,,,,,,,,,,
153,67,54,5.9,32,63.5,75,55,Pointed Gourd,,,,,,,,,,,,,,,
242,57,55,6.3,34,62.8,70,87,Pointed Gourd,,,,,,,,,,,,,,,
301.5,47,55,6.1,29,58.1,64,110,Pointed Gourd,,,,,,,,,,,,,,,
161,40.5,56,6.1,29,56.3,77,69,Pointed Gourd,,,,,,,,,,,,,,,
150,46,28,6.1,31,55.8,61,109,Pointed Gourd,,,,,,,,,,,,,,,
240,42,36,6.1,33,60.8,62,108,Pointed Gourd,,,,,,,,,,,,,,,
300,38,44,6.1,26,60,77,89,Pointed Gourd,,,,,,,,,,,,,,,
161,40,55,6,25,56.3,71,90,Pointed Gourd,,,,,,,,,,,,,,,
155,45,27,6,29,60.4,64,119,Pointed Gourd,,,,,,,,,,,,,,,
255,39,33,6,34,62.2,74,88,Pointed Gourd,,,,,,,,,,,,,,,
325,33,39,6,29,57.4,62,86,Pointed Gourd,,,,,,,,,,,,,,,
164,33,48,6.3,32,64.1,63,116,Pointed Gourd,,,,,,,,,,,,,,,
153,48,31,5.9,25,56.5,64,118,Pointed Gourd,,,,,,,,,,,,,,,
248,48,45,6.1,25,63.7,63,101,Pointed Gourd,,,,,,,,,,,,,,,
313,48,59,5.9,28,62.7,65,87,Pointed Gourd,,,,,,,,,,,,,,,
149,54,76,6.3,33,56.2,66,96,Pointed Gourd,,,,,,,,,,,,,,,
154,47,30,6.1,26,56.4,79,92,Pointed Gourd,,,,,,,,,,,,,,,
244,44,37,5.9,29,57.6,78,100,Pointed Gourd,,,,,,,,,,,,,,,
310,40,45,6,30,59.5,77,84,Pointed Gourd,,,,,,,,,,,,,,,
169,42,57,6.1,31,58.2,79,111,Pointed Gourd,,,,,,,,,,,,,,,
158,46,28,6,32,63.5,66,101,Pointed Gourd,,,,,,,,,,,,,,,
260,41,34,6.3,31,55.3,67,65,Pointed Gourd,,,,,,,,,,,,,,,
330,35,41,6,30,56.5,76,101,Pointed Gourd,,,,,,,,,,,,,,,
156,36,50,6.1,28,57.6,77,120,Pointed Gourd,,,,,,,,,,,,,,,
155,49,32,6.2,31,58.9,61,57,Pointed Gourd,,,,,,,,,,,,,,,
250,49,47,6.2,34,63.6,62,65,Pointed Gourd,,,,,,,,,,,,,,,
315,50,61,6.3,34,60.9,65,76,Pointed Gourd,,,,,,,,,,,,,,,
149,55,78,5.9,26,56.9,66,69,Pointed Gourd,,,,,,,,,,,,,,,
152,46,28,6,32,58.3,62,54,Pointed Gourd,,,,,,,,,,,,,,,
245,43,36,6.2,30,56.3,79,118,Pointed Gourd,,,,,,,,,,,,,,,
305,39,45,6,28,56.4,69,55,Pointed Gourd,,,,,,,,,,,,,,,
148,41,55,6,35,61.6,69,104,Pointed Gourd,,,,,,,,,,,,,,,
156,47,29,6.1,32,58.3,74,102,Pointed Gourd,,,,,,,,,,,,,,,
248,46,38,6,29,59,71,61,Pointed Gourd,,,,,,,,,,,,,,,
312,44,47,6.1,32,61.4,69,62,Pointed Gourd,,,,,,,,,,,,,,,
159,48,59,6.3,26,63.5,62,79,Pointed Gourd,,,,,,,,,,,,,,,
157,45,28,6.3,34,58.7,62,63,Pointed Gourd,,,,,,,,,,,,,,,
258,40,35,6.2,26,64.5,78,57,Pointed Gourd,,,,,,,,,,,,,,,
324,34,40,6,34,58,61,108,Pointed Gourd,,,,,,,,,,,,,,,
159,35,48,6.3,27,62.5,67,102,Pointed Gourd,,,,,,,,,,,,,,,
153,48,31,5.9,31,59.8,74,104,Pointed Gourd,,,,,,,,,,,,,,,
248,49,45,6,35,63.3,73,84,Pointed Gourd,,,,,,,,,,,,,,,
313,49,60,6.3,26,62.3,65,85,Pointed Gourd,,,,,,,,,,,,,,,
157,54,76,6.2,26,59.4,79,72,Pointed Gourd,,,,,,,,,,,,,,,
152,67,54,6.3,33,58.9,61,71,Pointed Gourd,,,,,,,,,,,,,,,
243,57,56,6.2,33,63.6,74,50,Pointed Gourd,,,,,,,,,,,,,,,
302,46,56,6.1,32,64.1,70,110,Pointed Gourd,,,,,,,,,,,,,,,
175,41,57,6.1,30,62.4,68,99,Pointed Gourd,,,,,,,,,,,,,,,
149,46,29,6,33,62.6,78,84,Pointed Gourd,,,,,,,,,,,,,,,
239,43,37,6.1,35,64.1,77,64,Pointed Gourd,,,,,,,,,,,,,,,
298,38,44,5.9,35,63.5,76,115,Pointed Gourd,,,,,,,,,,,,,,,
160,41,55,6.3,29,62.8,67,59,Pointed Gourd,,,,,,,,,,,,,,,
154,46,28,6.1,35,58.1,64,120,Pointed Gourd,,,,,,,,,,,,,,,
255,38,34,6.1,35,56.3,66,71,Pointed Gourd,,,,,,,,,,,,,,,
328,32,40,6.1,29,55.8,76,71,Pointed Gourd,,,,,,,,,,,,,,,
149,33,49,6.1,25,60.8,67,80,Pointed Gourd,,,,,,,,,,,,,,,
150,48,31,6.1,35,60,73,84,Pointed Gourd,,,,,,,,,,,,,,,
247,48,45,6.1,30,60,66,89,Pointed Gourd,,,,,,,,,,,,,,,
311,47,59,6.1,34,60,80,78,Pointed Gourd,,,,,,,,,,,,,,,
160,55,76,6.1,34,60,70,56,Pointed Gourd,,,,,,,,,,,,,,,
159,68,55,6.5,33,75,68,95,Pointed Gourd,,,,,,,,,,,,,,,
240,56,55,6.5,30,75,70,103,Pointed Gourd,,,,,,,,,,,,,,,
305,48,55,6.5,25,75,60,66,Pointed Gourd,,,,,,,,,,,,,,,
160,41,56,6.5,34,75,63,75,Pointed Gourd,,,,,,,,,,,,,,,
153,47,29,6.1,25,60,64,80,Pointed Gourd,,,,,,,,,,,,,,,
244,43,36,6.1,34,60,76,100,Pointed Gourd,,,,,,,,,,,,,,,
310,39,45,6.1,30,60,68,114,Pointed Gourd,,,,,,,,,,,,,,,
160,41,55,6.1,28,60,69,103,Pointed Gourd,,,,,,,,,,,,,,,
154,47,28,6.5,30,75,66,66,Pointed Gourd,,,,,,,,,,,,,,,
254,39,34,6.5,30,75,80,93,Pointed Gourd,,,,,,,,,,,,,,,
326,34,41,6.5,35,75,63,58,Pointed Gourd,,,,,,,,,,,,,,,
157,33,49,6.5,30,75,79,103,Pointed Gourd,,,,,,,,,,,,,,,
151,48,31,6.1,33,60,77,118,Pointed Gourd,,,,,,,,,,,,,,,
248,49,46,6.1,35,60,70,114,Pointed Gourd,,,,,,,,,,,,,,,
314,49,60,6.1,29,60,62,95,Pointed Gourd,,,,,,,,,,,,,,,
149,54,77,6.1,33,60,69,58,Pointed Gourd,,,,,,,,,,,,,,,
150,67,54,6.1,33,60,60,79,Pointed Gourd,,,,,,,,,,,,,,,
243,58,55,6.1,31,60,75,93,Pointed Gourd,,,,,,,,,,,,,,,
303,47,55,6.1,26,60,72,54,Pointed Gourd,,,,,,,,,,,,,,,
162,40,56,6.1,34,60,74,52,Pointed Gourd,,,,,,,,,,,,,,,
153,67,54,6.5,25,75,65,104,Pointed Gourd,,,,,,,,,,,,,,,
242,57,55,6.5,35,75,80,54,Pointed Gourd,,,,,,,,,,,,,,,
301.5,47,55,6.5,32,75,70,99,Pointed Gourd,,,,,,,,,,,,,,,
156,40.5,56,6.5,27,75,66,91,Pointed Gourd,,,,,,,,,,,,,,,
150,46,28,6.1,34,60,72,101,Pointed Gourd,,,,,,,,,,,,,,,
240,42,36,6.1,27,60,62,106,Pointed Gourd,,,,,,,,,,,,,,,
300,38,44,6.1,35,60,74,67,Pointed Gourd,,,,,,,,,,,,,,,
146,40,55,6.1,30,60,80,83,Pointed Gourd,,,,,,,,,,,,,,,
155,45,27,6.1,32,60,67,99,Pointed Gourd,,,,,,,,,,,,,,,
255,39,33,6.1,30,60,71,82,Pointed Gourd,,,,,,,,,,,,,,,
325,33,39,6.1,30,60,64,110,Pointed Gourd,,,,,,,,,,,,,,,
165,33,48,6.1,27,60,76,52,Pointed Gourd,,,,,,,,,,,,,,,
153,48,31,6.1,33,60,78,71,Pointed Gourd,,,,,,,,,,,,,,,
248,48,45,6.1,35,60,64,102,Pointed Gourd,,,,,,,,,,,,,,,
313,48,59,6.1,30,60,71,118,Pointed Gourd,,,,,,,,,,,,,,,
148,54,76,6.1,34,60,64,75,Pointed Gourd,,,,,,,,,,,,,,,
154,47,30,6.5,32,75,67,83,Pointed Gourd,,,,,,,,,,,,,,,
244,44,37,6.5,31,75,76,114,Pointed Gourd,,,,,,,,,,,,,,,
310,40,45,6.5,27,75,74,113,Pointed Gourd,,,,,,,,,,,,,,,
173,42,57,6.5,27,75,62,71,Pointed Gourd,,,,,,,,,,,,,,,
158,46,28,6.1,26,60,65,73,Pointed Gourd,,,,,,,,,,,,,,,
260,41,34,6.1,29,60,69,112,Pointed Gourd,,,,,,,,,,,,,,,
330,35,41,6.1,29,60,78,66,Pointed Gourd,,,,,,,,,,,,,,,
161,36,50,6.1,33,60,61,98,Pointed Gourd,,,,,,,,,,,,,,,
155,49,32,6.1,35,60,74,77,Pointed Gourd,,,,,,,,,,,,,,,
250,49,47,6.1,32,60,70,90,Pointed Gourd,,,,,,,,,,,,,,,
163,47,44,6.2,17,72.5,80,54,Potato,,,,,,,,,,,,,,,
172,46,83,6,25,73.9,83,41,Potato,,,,,,,,,,,,,,,
363,44,122,6.2,18,76.8,89,49,Potato,,,,,,,,,,,,,,,
258,48,164,6,25,68.5,89,40,Potato,,,,,,,,,,,,,,,
163,47,41,6.3,15,77.4,83,57,Potato,,,,,,,,,,,,,,,
175,46,76,6.3,23,77.5,90,50,Potato,,,,,,,,,,,,,,,
363,44,110,6.3,19,77.3,86,44,Potato,,,,,,,,,,,,,,,
217,48,147,6.1,19,74.5,83,43,Potato,,,,,,,,,,,,,,,
156,46,35,6.1,18,70.9,88,57,Potato,,,,,,,,,,,,,,,
163,41,58,6.3,22,75,83,54,Potato,,,,,,,,,,,,,,,
331,36,80,6.1,24,70.1,86,49,Potato,,,,,,,,,,,,,,,
246,37,105,6.1,18,71.3,90,48,Potato,,,,,,,,,,,,,,,
156,49,37,6.3,24,74.1,83,46,Potato,,,,,,,,,,,,,,,
146,52,65,6.2,24,72.9,90,55,Potato,,,,,,,,,,,,,,,
328,54,92,6.4,18,70.8,87,60,Potato,,,,,,,,,,,,,,,
180.5,62,122,6.1,22,76.4,84,53,Potato,,,,,,,,,,,,,,,
163,47,44,6.2,18,75.8,80,57,Potato,,,,,,,,,,,,,,,
164,46,83,6.3,18,77.3,87,55,Potato,,,,,,,,,,,,,,,
363,44,122,6,20,74.2,83,44,Potato,,,,,,,,,,,,,,,
233,48,164,6,24,69.5,86,45,Potato,,,,,,,,,,,,,,,
163,47,44,6.1,20,74,86,46,Potato,,,,,,,,,,,,,,,
176,45,83,6.3,20,69.5,82,47,Potato,,,,,,,,,,,,,,,
363,43,122,6.2,24,71.5,88,49,Potato,,,,,,,,,,,,,,,
198.5,47,164,6,15,74.7,87,57,Potato,,,,,,,,,,,,,,,
158,50,39,6.1,24,70.9,80,56,Potato,,,,,,,,,,,,,,,
150,53,68,6.2,19,69.8,83,60,Potato,,,,,,,,,,,,,,,
338,56,97,6.3,20,71.6,84,52,Potato,,,,,,,,,,,,,,,
273,65,134,6.1,18,73.6,81,57,Potato,,,,,,,,,,,,,,,
166,68,70,6.3,25,69.6,83,60,Potato,,,,,,,,,,,,,,,
148,60,102,6.2,24,69.5,87,48,Potato,,,,,,,,,,,,,,,
364.5,52,133,6.4,24,71.2,88,48,Potato,,,,,,,,,,,,,,,
277,47.5,165,6.2,23,69.2,87,51,Potato,,,,,,,,,,,,,,,
161,71,65,6.3,22,75.7,90,42,Potato,,,,,,,,,,,,,,,
163,68,79,6.4,24,72.8,89,46,Potato,,,,,,,,,,,,,,,
339.5,65,108,6.2,22,69.8,83,59,Potato,,,,,,,,,,,,,,,
286,65.5,135,6.2,24,70,83,51,Potato,,,,,,,,,,,,,,,
153,47,41,6.2,23,68.2,80,55,Potato,,,,,,,,,,,,,,,
160,34,29,6.1,24,72.5,90,44,Potato,,,,,,,,,,,,,,,
299,29,52,6,21,67.9,82,45,Potato,,,,,,,,,,,,,,,
279,30,77,6,20,75.6,82,55,Potato,,,,,,,,,,,,,,,
370,78,129,6.2,15,75.5,85,44,Potato,,,,,,,,,,,,,,,
153,70,115,6.1,24,72.9,85,41,Potato,,,,,,,,,,,,,,,
220,72,101,6.2,17,69.3,82,60,Potato,,,,,,,,,,,,,,,
163,47,44,6.1,17,67.5,90,46,Potato,,,,,,,,,,,,,,,
278,45,83,6.2,16,77.2,83,54,Potato,,,,,,,,,,,,,,,
153,43,122,6.3,25,69.7,82,48,Potato,,,,,,,,,,,,,,,
295,47,164,6.2,16,76.4,87,44,Potato,,,,,,,,,,,,,,,
158,50,39,6.1,22,76.3,81,59,Potato,,,,,,,,,,,,,,,
263,53,60,6.2,16,75.4,80,50,Potato,,,,,,,,,,,,,,,
154,56,97,6.1,17,76.5,81,57,Potato,,,,,,,,,,,,,,,
206,65,134,6.1,19,72.7,80,41,Potato,,,,,,,,,,,,,,,
160,49,40,6.2,19,67.9,85,49,Potato,,,,,,,,,,,,,,,
268,50,69,6.3,15,71.7,89,57,Potato,,,,,,,,,,,,,,,
153,55,98,6.1,20,75.9,82,45,Potato,,,,,,,,,,,,,,,
229.3,63,136,6.1,17,68.6,86,46,Potato,,,,,,,,,,,,,,,
168,69,73,6.4,17,75,84,51,Potato,,,,,,,,,,,,,,,
283,62,104,6.4,25,74.6,85,51,Potato,,,,,,,,,,,,,,,
165,53,136,6.4,15,73.9,86,55,Potato,,,,,,,,,,,,,,,
222.7,48,168,6.2,21,68.4,82,44,Potato,,,,,,,,,,,,,,,
164,72,66,6.1,25,72,89,60,Potato,,,,,,,,,,,,,,,
267,67,80,6,21,67.9,87,47,Potato,,,,,,,,,,,,,,,
166,63,110,6.3,16,68.2,84,55,Potato,,,,,,,,,,,,,,,
176,64,134,6.3,16,76.7,80,48,Potato,,,,,,,,,,,,,,,
154,48,42,6.3,21,70.5,80,57,Potato,,,,,,,,,,,,,,,
227,35,30,6,15,71.4,87,44,Potato,,,,,,,,,,,,,,,
147,30,53,6.3,16,75.4,83,50,Potato,,,,,,,,,,,,,,,
200,31,78,6.2,16,76.1,87,43,Potato,,,,,,,,,,,,,,,
372,79,130,6,20,69,80,40,Potato,,,,,,,,,,,,,,,
309,71,114,6.3,23,72.4,80,58,Potato,,,,,,,,,,,,,,,
155,73,102,6,23,72.8,86,52,Potato,,,,,,,,,,,,,,,
165,47,43,6.2,24,71.9,80,55,Potato,,,,,,,,,,,,,,,
279,47,82,6.1,21,71.9,89,49,Potato,,,,,,,,,,,,,,,
364,45,121,6,23,72.3,89,58,Potato,,,,,,,,,,,,,,,
158,49,165,6.4,22,74.4,88,46,Potato,,,,,,,,,,,,,,,
159,49,38,6.2,16,70,83,42,Potato,,,,,,,,,,,,,,,
265,54,64,6,18,68.5,81,40,Potato,,,,,,,,,,,,,,,
339,58,96,6,17,70.8,89,57,Potato,,,,,,,,,,,,,,,
168,66,133,6.4,24,74.6,86,58,Potato,,,,,,,,,,,,,,,
170,68,71,6.1,25,71,81,58,Potato,,,,,,,,,,,,,,,
281,61,100,6.4,23,71.9,82,51,Potato,,,,,,,,,,,,,,,
366,55,128,6.1,17,72.5,85,54,Potato,,,,,,,,,,,,,,,
154,47,160,6,17,67.9,81,56,Potato,,,,,,,,,,,,,,,
162,71,64,6,24,75.6,81,44,Potato,,,,,,,,,,,,,,,
270,66,82,6.2,15,75.5,90,54,Potato,,,,,,,,,,,,,,,
338,64,109,6.1,20,72.9,84,55,Potato,,,,,,,,,,,,,,,
148,66,132,6.2,16,69.3,88,40,Potato,,,,,,,,,,,,,,,
152,47,40,6.1,21,67.5,80,57,Potato,,,,,,,,,,,,,,,
230,33,28,6.2,18,77.2,82,41,Potato,,,,,,,,,,,,,,,
298,28,50,6.3,25,69.7,85,48,Potato,,,,,,,,,,,,,,,
150,29,74,6.2,16,76.4,86,47,Potato,,,,,,,,,,,,,,,
369,77,128,6.1,19,76.3,82,55,Potato,,,,,,,,,,,,,,,
309,69,113,6.2,17,75.4,81,49,Potato,,,,,,,,,,,,,,,
222,71,98,6.1,25,76.5,89,40,Potato,,,,,,,,,,,,,,,
152,47,45,6.1,21,72.7,89,60,Potato,,,,,,,,,,,,,,,
278,46,84,6.2,20,67.9,82,48,Potato,,,,,,,,,,,,,,,
360,44,120,6.3,20,71.7,85,57,Potato,,,,,,,,,,,,,,,
239.4,48,162,6.1,20,75.9,80,60,Potato,,,,,,,,,,,,,,,
156,49,39,6.1,20,68.6,85,40,Potato,,,,,,,,,,,,,,,
267,52,67,6.4,24,75,81,45,Potato,,,,,,,,,,,,,,,
336,54,94,6.4,17,74.6,81,42,Potato,,,,,,,,,,,,,,,
177,62,128,6.2,22,72.5,81,49,Potato,,,,,,,,,,,,,,,
168,69,72,6,21,73.9,80,50,Potato,,,,,,,,,,,,,,,
279,60,105,6.2,16,76.8,81,59,Potato,,,,,,,,,,,,,,,
365,52,131,6,25,68.5,89,44,Potato,,,,,,,,,,,,,,,
283,48,163,6.3,18,77.4,85,49,Potato,,,,,,,,,,,,,,,
160,70,66,6.3,17,77.5,90,42,Potato,,,,,,,,,,,,,,,
269,67,81,6.3,15,77.3,82,40,Potato,,,,,,,,,,,,,,,
337,63,109,6.1,16,74.5,85,43,Potato,,,,,,,,,,,,,,,
300,66,137,6.1,23,70.9,81,50,Potato,,,,,,,,,,,,,,,
165,47,42,6.3,16,75,85,59,Potato,,,,,,,,,,,,,,,
228,36,31,6.1,24,70.1,82,49,Potato,,,,,,,,,,,,,,,
296,30,54,6.1,24,71.3,80,44,Potato,,,,,,,,,,,,,,,
269,31,75,6.3,17,74.1,90,51,Potato,,,,,,,,,,,,,,,
174,77,126,6.2,19,72.9,80,52,Potato,,,,,,,,,,,,,,,
311,71,117,6.4,17,70.8,90,60,Potato,,,,,,,,,,,,,,,
219,74,99,6.1,20,76.4,85,52,Potato,,,,,,,,,,,,,,,
162,48,43,6.2,18,75.8,84,47,Potato,,,,,,,,,,,,,,,
169,46,85,6.3,18,77.3,81,47,Potato,,,,,,,,,,,,,,,
361,45,124,6,23,74.2,87,41,Potato,,,,,,,,,,,,,,,
206,48,167,6,25,69.5,90,53,Potato,,,,,,,,,,,,,,,
156,50,40,6.1,17,74,85,53,Potato,,,,,,,,,,,,,,,
149,54,65,6.3,19,69.5,90,58,Potato,,,,,,,,,,,,,,,
335,56,93,6.2,15,71.5,86,43,Potato,,,,,,,,,,,,,,,
198,64,127,6,16,74.7,90,40,Potato,,,,,,,,,,,,,,,
168,68,71,6.1,15,70.9,88,41,Potato,,,,,,,,,,,,,,,
169,61,103,6.2,17,69.8,90,47,Potato,,,,,,,,,,,,,,,
369,53,134,6.3,22,71.6,82,59,Potato,,,,,,,,,,,,,,,
248,49,162,6.1,22,73.6,80,53,Potato,,,,,,,,,,,,,,,
162,71,67,6.3,23,69.6,90,53,Potato,,,,,,,,,,,,,,,
154,68,78,6.2,15,69.5,86,53,Potato,,,,,,,,,,,,,,,
342,64,112,6.4,16,71.2,83,44,Potato,,,,,,,,,,,,,,,
188,67,133,6.2,25,69.2,81,55,Potato,,,,,,,,,,,,,,,
164,47,45,6.3,17,75.7,90,40,Potato,,,,,,,,,,,,,,,
147,46,84,6.4,20,72.8,81,58,Potato,,,,,,,,,,,,,,,
360,44,120,6.2,16,69.8,88,53,Potato,,,,,,,,,,,,,,,
289,48,162,6.2,18,70,87,57,Potato,,,,,,,,,,,,,,,
157,49,39,6.2,23,68.2,81,52,Potato,,,,,,,,,,,,,,,
160,52,67,6.1,20,72.5,83,56,Potato,,,,,,,,,,,,,,,
336,54,94,6,24,67.9,85,49,Potato,,,,,,,,,,,,,,,
288,62,128,6,18,75.6,85,59,Potato,,,,,,,,,,,,,,,
167,69,72,6.2,15,75.5,80,44,Potato,,,,,,,,,,,,,,,
167,60,105,6.1,20,72.9,83,56,Potato,,,,,,,,,,,,,,,
365,52,131,6.2,24,69.3,85,60,Potato,,,,,,,,,,,,,,,
269,48,163,6.1,20,67.5,88,41,Potato,,,,,,,,,,,,,,,
160,70,66,6.2,25,77.2,88,49,Potato,,,,,,,,,,,,,,,
175,67,81,6.3,21,69.7,81,44,Potato,,,,,,,,,,,,,,,
337,63,109,6.2,15,76.4,82,52,Potato,,,,,,,,,,,,,,,
197,66,137,6.1,21,76.3,85,53,Potato,,,,,,,,,,,,,,,
155,47,42,6.2,25,75.4,88,54,Potato,,,,,,,,,,,,,,,
165,36,31,6.1,21,76.5,89,40,Potato,,,,,,,,,,,,,,,
143,47,27,5.5,19,70,28,103,Pulse,,,,,,,,,,,,,,,
220,44,32,5.6,26,67.8,29,119,Pulse,,,,,,,,,,,,,,,
266,41,37,5.4,21,66.5,27,60,Pulse,,,,,,,,,,,,,,,
148,44,45,5.6,19,74.8,22,101,Pulse,,,,,,,,,,,,,,,
142,45,24,5.6,30,70.7,20,63,Pulse,,,,,,,,,,,,,,,
217,40,25,5.4,16,72.8,20,68,Pulse,,,,,,,,,,,,,,,
261,34,25,5.5,15,67.8,30,82,Pulse,,,,,,,,,,,,,,,
146,34,28,5.4,30,71.7,26,87,Pulse,,,,,,,,,,,,,,,
143,47,29,5.7,26,68.8,28,115,Pulse,,,,,,,,,,,,,,,
220,44,40,5.7,16,73.5,26,115,Pulse,,,,,,,,,,,,,,,
266,41,50,5.4,17,72,24,89,Pulse,,,,,,,,,,,,,,,
169,44,63,5.3,15,70,27,120,Pulse,,,,,,,,,,,,,,,
142,45,27,5.7,22,71.1,30,95,Pulse,,,,,,,,,,,,,,,
217,40,32,5.6,22,71.3,21,101,Pulse,,,,,,,,,,,,,,,
261,34,37,5.7,24,73.3,20,67,Pulse,,,,,,,,,,,,,,,
170,34,45,5.4,17,67.4,21,84,Pulse,,,,,,,,,,,,,,,
143,44,24,5.3,28,69.9,24,104,Pulse,,,,,,,,,,,,,,,
218,37,23,5.3,26,67.4,22,116,Pulse,,,,,,,,,,,,,,,
263,29,22,5.5,21,74.4,28,90,Pulse,,,,,,,,,,,,,,,
153,27,24,5.6,18,71.3,21,75,Pulse,,,,,,,,,,,,,,,
143,46,26,5.4,27,70.9,27,118,Pulse,,,,,,,,,,,,,,,
219,42,30,5.3,23,72.8,25,118,Pulse,,,,,,,,,,,,,,,
265,38,34,5.6,24,72.8,30,71,Pulse,,,,,,,,,,,,,,,
158,40,41,5.3,17,69.6,27,82,Pulse,,,,,,,,,,,,,,,
146,46,29,5.5,26,74.9,22,63,Pulse,,,,,,,,,,,,,,,
227,42,38,5.6,30,74.8,21,78,Pulse,,,,,,,,,,,,,,,
278,38,47,5.6,25,67.4,26,68,Pulse,,,,,,,,,,,,,,,
175,40,59,5.7,29,66.8,27,97,Pulse,,,,,,,,,,,,,,,
143,45,24,5.4,23,74.2,25,106,Pulse,,,,,,,,,,,,,,,
219,38,24,5.4,19,73,29,104,Pulse,,,,,,,,,,,,,,,
265,31,24,5.6,15,67.6,28,69,Pulse,,,,,,,,,,,,,,,
159,30,27,5.5,30,72.3,25,116,Pulse,,,,,,,,,,,,,,,
143,45,24,5.4,19,65.2,26,68,Pulse,,,,,,,,,,,,,,,
218,38,24,5.5,19,69.2,24,114,Pulse,,,,,,,,,,,,,,,
263,31,24,5.7,15,72.5,27,101,Pulse,,,,,,,,,,,,,,,
153,30,27,5.7,29,70.2,27,87,Pulse,,,,,,,,,,,,,,,
143,45,24,5.4,29,65.7,30,67,Pulse,,,,,,,,,,,,,,,
218,38,25,5.5,28,73.5,23,82,Pulse,,,,,,,,,,,,,,,
263,31,25,5.6,27,70.9,22,78,Pulse,,,,,,,,,,,,,,,
172,30,28,5.5,23,72.6,24,60,Pulse,,,,,,,,,,,,,,,
148,46,26,5.6,16,73.6,22,64,Pulse,,,,,,,,,,,,,,,
234,42,30,5.7,21,74.1,30,92,Pulse,,,,,,,,,,,,,,,
290,38,34,5.4,24,74.4,30,113,Pulse,,,,,,,,,,,,,,,
157,40,41,5.6,15,74.2,29,64,Pulse,,,,,,,,,,,,,,,
146,67,52,5.3,27,70.7,21,83,Pulse,,,,,,,,,,,,,,,
221,57,49,5.4,19,70.4,24,73,Pulse,,,,,,,,,,,,,,,
266.5,47,45,5.4,25,67.3,28,73,Pulse,,,,,,,,,,,,,,,
175,40.5,42,5.6,23,68,21,75,Pulse,,,,,,,,,,,,,,,
147,67,53,5.5,16,69.7,25,109,Pulse,,,,,,,,,,,,,,,
224,56,52,5.3,29,67.8,20,109,Pulse,,,,,,,,,,,,,,,
271.5,45,50,5.6,15,70.8,30,78,Pulse,,,,,,,,,,,,,,,
159,37.5,49,5.6,22,68.5,29,95,Pulse,,,,,,,,,,,,,,,
146,66,50,5.6,21,65.9,27,62,Pulse,,,,,,,,,,,,,,,
221,53,43,5.3,26,68.8,26,97,Pulse,,,,,,,,,,,,,,,
266.5,40,35,5.3,26,68.7,20,66,Pulse,,,,,,,,,,,,,,,
159,30.5,28,5.5,22,70.9,23,100,Pulse,,,,,,,,,,,,,,,
146,66,50,5.5,24,69.3,28,98,Pulse,,,,,,,,,,,,,,,
220,53,43,5.6,17,68.6,30,116,Pulse,,,,,,,,,,,,,,,
264.5,40,35,5.7,15,74.5,30,72,Pulse,,,,,,,,,,,,,,,
172,30.5,28,5.4,24,65.2,24,113,Pulse,,,,,,,,,,,,,,,
151,67,52,5.7,24,69.5,28,112,Pulse,,,,,,,,,,,,,,,
236,57,41,5.4,16,70,29,64,Pulse,,,,,,,,,,,,,,,
291.5,47,45,5.4,23,66.6,23,92,Pulse,,,,,,,,,,,,,,,
163,40.5,42,5.7,30,74.7,23,84,Pulse,,,,,,,,,,,,,,,
143,47,29,5.3,24,71.8,30,99,Pulse,,,,,,,,,,,,,,,
212,33,21,5.6,16,72.7,26,76,Pulse,,,,,,,,,,,,,,,
253,20,12,5.4,20,66,21,72,Pulse,,,,,,,,,,,,,,,
166,17,36,5.5,15,67.4,30,114,Pulse,,,,,,,,,,,,,,,
143,46,26,5.6,24,67.3,25,108,Pulse,,,,,,,,,,,,,,,
219,42,30,5.6,26,69.1,30,109,Pulse,,,,,,,,,,,,,,,
265,38,34,5.6,18,69.2,22,77,Pulse,,,,,,,,,,,,,,,
150,40,41,5.6,20,66.4,21,88,Pulse,,,,,,,,,,,,,,,
146,46,29,5.5,26,69.8,27,89,Pulse,,,,,,,,,,,,,,,
227,42,38,5.5,26,68.8,23,71,Pulse,,,,,,,,,,,,,,,
278,38,47,5.7,19,73.8,22,80,Pulse,,,,,,,,,,,,,,,
172,40,59,5.6,17,74.7,25,98,Pulse,,,,,,,,,,,,,,,
144,46,27,5.7,16,65.5,27,80,Pulse,,,,,,,,,,,,,,,
222,41,33,5.5,30,66.3,29,104,Pulse,,,,,,,,,,,,,,,
270,36,39,5.4,16,66.3,21,82,Pulse,,,,,,,,,,,,,,,
150,37,48,5.7,27,70.1,23,68,Pulse,,,,,,,,,,,,,,,
143,45,24,5.6,30,74.2,23,96,Pulse,,,,,,,,,,,,,,,
219,38,24,5.3,30,70.7,20,110,Pulse,,,,,,,,,,,,,,,
265,31,24,5.4,19,70.4,30,109,Pulse,,,,,,,,,,,,,,,
175,30,27,5.4,22,67.3,23,90,Pulse,,,,,,,,,,,,,,,
143,45,24,5.6,26,68,24,80,Pulse,,,,,,,,,,,,,,,
218,38,24,5.5,19,69.7,24,92,Pulse,,,,,,,,,,,,,,,
263,31,24,5.3,24,67.8,26,84,Pulse,,,,,,,,,,,,,,,
170,30,27,5.6,26,70.8,22,101,Pulse,,,,,,,,,,,,,,,
148,46,26,5.6,23,68.5,25,94,Pulse,,,,,,,,,,,,,,,
234,42,22,5.6,19,65.9,30,78,Pulse,,,,,,,,,,,,,,,
290,38,34,5.3,17,68.8,29,104,Pulse,,,,,,,,,,,,,,,
153,40,41,5.3,18,68.7,20,119,Pulse,,,,,,,,,,,,,,,
147,45,25,5.5,29,70.9,26,81,Pulse,,,,,,,,,,,,,,,
222,39,33,5.5,20,69.3,21,83,Pulse,,,,,,,,,,,,,,,
269,36,37,5.6,18,68.6,24,117,Pulse,,,,,,,,,,,,,,,
160,37,46,5.7,26,74.5,22,113,Pulse,,,,,,,,,,,,,,,
142,45,24,5.4,18,65.2,23,90,Pulse,,,,,,,,,,,,,,,
218,40,26,5.7,23,69.5,23,81,Pulse,,,,,,,,,,,,,,,
263,33,28,5.4,29,70,25,89,Pulse,,,,,,,,,,,,,,,
150,35,30,5.4,21,66.6,28,112,Pulse,,,,,,,,,,,,,,,
147,67,54,5.5,29,70,27,71,Pulse,,,,,,,,,,,,,,,
225,55,51,5.6,16,67.8,23,87,Pulse,,,,,,,,,,,,,,,
269,47,47,5.4,28,66.5,29,96,Pulse,,,,,,,,,,,,,,,
147,37,48,5.6,17,74.8,26,117,Pulse,,,,,,,,,,,,,,,
148,47,30,5.6,16,70.7,22,76,Pulse,,,,,,,,,,,,,,,
221,44,32,5.4,22,72.8,25,71,Pulse,,,,,,,,,,,,,,,
268,41,35,5.5,30,67.8,27,103,Pulse,,,,,,,,,,,,,,,
172,34,38,5.4,30,71.7,27,75,Pulse,,,,,,,,,,,,,,,
142,45,27,5.7,29,68.8,30,70,Pulse,,,,,,,,,,,,,,,
219,42,31,5.7,29,73.5,21,83,Pulse,,,,,,,,,,,,,,,
264,38,33,5.4,20,72,20,109,Pulse,,,,,,,,,,,,,,,
167,40,40,5.3,30,70,21,68,Pulse,,,,,,,,,,,,,,,
148,66,51,5.7,30,71.1,28,80,Pulse,,,,,,,,,,,,,,,
223,57,49,5.6,16,71.3,29,83,Pulse,,,,,,,,,,,,,,,
267,49,46,5.7,25,73.3,29,60,Pulse,,,,,,,,,,,,,,,
157,41,47,5.4,15,67.4,30,77,Pulse,,,,,,,,,,,,,,,
146,44,26,5.3,30,69.9,27,72,Pulse,,,,,,,,,,,,,,,
220,41,30,5.3,28,67.4,25,70,Pulse,,,,,,,,,,,,,,,
262,36,34,5.5,15,74.4,21,91,Pulse,,,,,,,,,,,,,,,
168,38,42,5.6,20,71.3,26,79,Pulse,,,,,,,,,,,,,,,
145,68,55,5.4,20,70.9,29,82,Pulse,,,,,,,,,,,,,,,
226,58,54,5.3,25,72.8,20,63,Pulse,,,,,,,,,,,,,,,
272,48,51,5.6,22,72.8,29,95,Pulse,,,,,,,,,,,,,,,
151,42,49,5.3,21,69.6,29,80,Pulse,,,,,,,,,,,,,,,
149,67,53,5.5,24,74.9,30,103,Pulse,,,,,,,,,,,,,,,
228,56,52,5.6,18,74.8,20,76,Pulse,,,,,,,,,,,,,,,
275,44,47,5.6,21,67.4,21,94,Pulse,,,,,,,,,,,,,,,
175,40,45,5.7,30,66.8,20,105,Pulse,,,,,,,,,,,,,,,
143,44,27,5.4,15,74.2,26,95,Pulse,,,,,,,,,,,,,,,
223,43,31,5.4,17,73,27,82,Pulse,,,,,,,,,,,,,,,
267,39,35,5.6,25,67.6,28,114,Pulse,,,,,,,,,,,,,,,
166,36,38,5.5,24,72.3,23,112,Pulse,,,,,,,,,,,,,,,
144,68,54,5.4,18,65.2,20,61,Pulse,,,,,,,,,,,,,,,
224,57,50,5.5,20,69.2,27,115,Pulse,,,,,,,,,,,,,,,
270,45,48,5.7,28,72.5,27,73,Pulse,,,,,,,,,,,,,,,
154,41,46,5.7,16,70.2,29,85,Pulse,,,,,,,,,,,,,,,
146,67,53,5.4,29,65.7,30,70,Pulse,,,,,,,,,,,,,,,
229,58,51,5.5,25,73.5,22,84,Pulse,,,,,,,,,,,,,,,
271,48,49,5.6,21,70.9,27,98,Pulse,,,,,,,,,,,,,,,
168,42,47,5.5,16,72.6,21,86,Pulse,,,,,,,,,,,,,,,
148,46,27,5.6,16,73.6,28,118,Pulse,,,,,,,,,,,,,,,
226,40,29,5.7,24,74.1,23,107,Pulse,,,,,,,,,,,,,,,
268,37,34,5.4,28,74.4,28,60,Pulse,,,,,,,,,,,,,,,
161,39,43,5.6,23,74.2,21,88,Pulse,,,,,,,,,,,,,,,
149,66,52,5.3,27,70.7,22,101,Pulse,,,,,,,,,,,,,,,
224,56,50,5.4,24,70.4,20,111,Pulse,,,,,,,,,,,,,,,
274,45,48,5.4,28,67.3,27,110,Pulse,,,,,,,,,,,,,,,
168,41,49,5.6,25,68,22,92,Pulse,,,,,,,,,,,,,,,
145,68,55,5.5,18,69.7,21,81,Pulse,,,,,,,,,,,,,,,
225,59,52,5.3,23,67.8,25,96,Pulse,,,,,,,,,,,,,,,
153,48,31,6.4,29,62.5,89,85,Pumpkin,,,,,,,,,,,,,,,
148,49,46,6.3,25,60.5,87,102,Pumpkin,,,,,,,,,,,,,,,
313,49,60,6.2,28,60.4,86,92,Pumpkin,,,,,,,,,,,,,,,
296.7,55,77,6.4,21,65.4,90,108,Pumpkin,,,,,,,,,,,,,,,
153,48,31,6.4,31,62.6,86,89,Pumpkin,,,,,,,,,,,,,,,
150,49,46,6.3,34,66.6,86,126,Pumpkin,,,,,,,,,,,,,,,
313,49,60,6.4,27,63.9,85,134,Pumpkin,,,,,,,,,,,,,,,
197,55,77,6.3,31,63.1,90,143,Pumpkin,,,,,,,,,,,,,,,
153,48,31,6.4,29,66.7,89,111,Pumpkin,,,,,,,,,,,,,,,
155,48,45,6.6,21,58.4,86,97,Pumpkin,,,,,,,,,,,,,,,
313,48,59,6.6,22,63.1,89,124,Pumpkin,,,,,,,,,,,,,,,
271,54,76,6.3,22,60.9,87,80,Pumpkin,,,,,,,,,,,,,,,
156,69,57,6.5,25,60.9,90,136,Pumpkin,,,,,,,,,,,,,,,
154,63,64,6.3,23,57.8,90,100,Pumpkin,,,,,,,,,,,,,,,
314.5,57,70,6.2,32,58.9,88,101,Pumpkin,,,,,,,,,,,,,,,
291,54.5,77,6.6,30,59.7,86,149,Pumpkin,,,,,,,,,,,,,,,
153,48,31,6.5,29,62.2,85,93,Pumpkin,,,,,,,,,,,,,,,
173,48,45,6.4,26,65.4,87,144,Pumpkin,,,,,,,,,,,,,,,
313,48,59,6.5,27,58.3,85,112,Pumpkin,,,,,,,,,,,,,,,
205,54,76,6.5,27,59.1,90,87,Pumpkin,,,,,,,,,,,,,,,
218,84,119,6.4,28,66.4,89,83,Pumpkin,,,,,,,,,,,,,,,
146,84,125,6.5,34,67.5,85,133,Pumpkin,,,,,,,,,,,,,,,
370,78,149,6.3,26,61.4,86,107,Pumpkin,,,,,,,,,,,,,,,
267,80,162,6.3,22,62.5,87,143,Pumpkin,,,,,,,,,,,,,,,
220,82,121,6.3,25,66,88,92,Pumpkin,,,,,,,,,,,,,,,
163,80,135,6.5,23,64.7,88,117,Pumpkin,,,,,,,,,,,,,,,
370,78,149,6.4,30,59.6,88,112,Pumpkin,,,,,,,,,,,,,,,
249,82,166,6.5,28,63.9,85,113,Pumpkin,,,,,,,,,,,,,,,
225,86,123,6.4,33,60.6,88,143,Pumpkin,,,,,,,,,,,,,,,
174,82,131,6.6,22,67.2,85,116,Pumpkin,,,,,,,,,,,,,,,
375,76,151,6.4,20,58,88,136,Pumpkin,,,,,,,,,,,,,,,
299,87,170,6.5,35,59.9,87,143,Pumpkin,,,,,,,,,,,,,,,
220,82,121,6.3,29,64.6,88,133,Pumpkin,,,,,,,,,,,,,,,
151,80,135,6.5,34,64.1,88,123,Pumpkin,,,,,,,,,,,,,,,
370,78,149,6.3,20,64.8,86,137,Pumpkin,,,,,,,,,,,,,,,
170,82,166,6.2,28,65.6,90,148,Pumpkin,,,,,,,,,,,,,,,
222,82,125,6.2,34,60.2,87,101,Pumpkin,,,,,,,,,,,,,,,
162,84,137,6.3,21,58.3,85,134,Pumpkin,,,,,,,,,,,,,,,
370,83,151,6.4,25,64.2,90,101,Pumpkin,,,,,,,,,,,,,,,
222.1,80,160,6.4,22,58.2,86,149,Pumpkin,,,,,,,,,,,,,,,
220,82,101,6.6,28,66.6,85,115,Pumpkin,,,,,,,,,,,,,,,
150,80,105,6.4,23,64.4,88,121,Pumpkin,,,,,,,,,,,,,,,
370,78,109,6.6,29,62.2,89,125,Pumpkin,,,,,,,,,,,,,,,
176,82,116,6.4,21,59.3,87,142,Pumpkin,,,,,,,,,,,,,,,
220,82,121,6.3,25,66.3,89,127,Pumpkin,,,,,,,,,,,,,,,
151,80,135,6.4,30,62.2,90,115,Pumpkin,,,,,,,,,,,,,,,
370,78,149,6.3,33,65.4,86,124,Pumpkin,,,,,,,,,,,,,,,
291,82,166,6.6,21,61.4,85,92,Pumpkin,,,,,,,,,,,,,,,
220,82,101,6.5,34,63.4,87,103,Pumpkin,,,,,,,,,,,,,,,
171,80,105,6.4,22,64.5,88,84,Pumpkin,,,,,,,,,,,,,,,
370,78,109,6.5,20,64.2,85,104,Pumpkin,,,,,,,,,,,,,,,
238,82,116,6.4,25,58.3,90,93,Pumpkin,,,,,,,,,,,,,,,
227,88,125,6.2,33,67,86,87,Pumpkin,,,,,,,,,,,,,,,
147,83,133,6.5,32,57.7,87,136,Pumpkin,,,,,,,,,,,,,,,
372,77,153,6.4,25,61,87,91,Pumpkin,,,,,,,,,,,,,,,
227,86,168,6.6,25,57.6,90,112,Pumpkin,,,,,,,,,,,,,,,
221,84,119,6.6,33,63.7,85,85,Pumpkin,,,,,,,,,,,,,,,
154,79,137,6.3,30,59.9,89,133,Pumpkin,,,,,,,,,,,,,,,
368,79,147,6.4,26,62.4,88,100,Pumpkin,,,,,,,,,,,,,,,
246,81,165,6.6,33,66.8,90,148,Pumpkin,,,,,,,,,,,,,,,
225,83,127,6.6,32,58.7,88,83,Pumpkin,,,,,,,,,,,,,,,
175,86,139,6.3,26,61.2,88,135,Pumpkin,,,,,,,,,,,,,,,
374,84,149,6.3,23,58.9,88,102,Pumpkin,,,,,,,,,,,,,,,
255,82,162,6.3,28,64.4,85,144,Pumpkin,,,,,,,,,,,,,,,
223,80,103,6.3,34,65.6,89,123,Pumpkin,,,,,,,,,,,,,,,
152,81,103,6.6,34,65.9,89,140,Pumpkin,,,,,,,,,,,,,,,
373,81,111,6.5,29,61.9,85,93,Pumpkin,,,,,,,,,,,,,,,
222,80,119,6.5,29,64.5,88,95,Pumpkin,,,,,,,,,,,,,,,
219,81,122,6.3,29,61.1,85,94,Pumpkin,,,,,,,,,,,,,,,
176,78,134,6.2,29,67,88,137,Pumpkin,,,,,,,,,,,,,,,
372,78,148,6.3,21,63.3,89,126,Pumpkin,,,,,,,,,,,,,,,
172,83,163,6.4,23,60.8,85,105,Pumpkin,,,,,,,,,,,,,,,
221,82,105,6.5,26,60.4,89,107,Pumpkin,,,,,,,,,,,,,,,
173,82,106,6.4,28,57.7,86,105,Pumpkin,,,,,,,,,,,,,,,
371,80,110,6.4,20,61.1,89,96,Pumpkin,,,,,,,,,,,,,,,
268,81,118,6.5,35,62.9,85,131,Pumpkin,,,,,,,,,,,,,,,
150,47,30,6.6,29,62.4,87,141,Pumpkin,,,,,,,,,,,,,,,
157,48,44,6.5,21,67.3,85,147,Pumpkin,,,,,,,,,,,,,,,
311,47,58,6.3,27,63.4,86,92,Pumpkin,,,,,,,,,,,,,,,
246,53,74,6.2,25,57.6,89,114,Pumpkin,,,,,,,,,,,,,,,
154,50,33,6.6,34,67.2,86,120,Pumpkin,,,,,,,,,,,,,,,
172,51,47,6.4,29,58,90,119,Pumpkin,,,,,,,,,,,,,,,
318,52,63,6.5,28,59.9,88,126,Pumpkin,,,,,,,,,,,,,,,
230,58,79,6.3,29,64.6,86,138,Pumpkin,,,,,,,,,,,,,,,
158,72,61,6.5,33,64.1,86,141,Pumpkin,,,,,,,,,,,,,,,
148,66,68,6.3,26,64.8,85,120,Pumpkin,,,,,,,,,,,,,,,
317,58,73,6.2,24,65.6,89,126,Pumpkin,,,,,,,,,,,,,,,
175,55,77,6.2,25,60.2,87,141,Pumpkin,,,,,,,,,,,,,,,
151,47,30,6.3,27,58.3,86,98,Pumpkin,,,,,,,,,,,,,,,
175,49,46,6.4,30,64.2,89,135,Pumpkin,,,,,,,,,,,,,,,
315,50,59,6.4,25,58.2,87,118,Pumpkin,,,,,,,,,,,,,,,
218,53,75,6.6,29,66.6,89,150,Pumpkin,,,,,,,,,,,,,,,
224,83,120,6.4,28,64.4,90,148,Pumpkin,,,,,,,,,,,,,,,
169,83,124,6.6,25,62.2,85,143,Pumpkin,,,,,,,,,,,,,,,
368,79,148,6.4,22,59.3,90,122,Pumpkin,,,,,,,,,,,,,,,
210,81,164,6.3,30,66.3,85,141,Pumpkin,,,,,,,,,,,,,,,
219,81,122,6.4,22,62.2,90,137,Pumpkin,,,,,,,,,,,,,,,
168,79,136,6.3,23,65.4,90,95,Pumpkin,,,,,,,,,,,,,,,
369,77,150,6.6,35,61.4,85,136,Pumpkin,,,,,,,,,,,,,,,
285,84,169,6.5,24,63.4,87,138,Pumpkin,,,,,,,,,,,,,,,
223,86,124,6.4,33,62.5,86,110,Pumpkin,,,,,,,,,,,,,,,
160,81,132,6.3,25,60.5,86,129,Pumpkin,,,,,,,,,,,,,,,
373,78,152,6.2,28,60.4,90,108,Pumpkin,,,,,,,,,,,,,,,
277.9,86,171,6.4,32,65.4,89,80,Pumpkin,,,,,,,,,,,,,,,
217,81,122,6.4,32,62.6,87,127,Pumpkin,,,,,,,,,,,,,,,
166,82,134,6.3,32,66.6,89,89,Pumpkin,,,,,,,,,,,,,,,
367,76,147,6.4,21,63.9,88,134,Pumpkin,,,,,,,,,,,,,,,
177,79,164,6.3,27,63.1,89,132,Pumpkin,,,,,,,,,,,,,,,
221,83,124,6.4,31,66.7,90,149,Pumpkin,,,,,,,,,,,,,,,
175,85,138,6.6,25,58.4,88,108,Pumpkin,,,,,,,,,,,,,,,
369,82,154,6.6,20,63.1,87,132,Pumpkin,,,,,,,,,,,,,,,
281,81,161,6.3,22,60.9,87,99,Pumpkin,,,,,,,,,,,,,,,
220,83,101,6.5,33,60.9,88,123,Pumpkin,,,,,,,,,,,,,,,
152,81,104,6.3,25,57.8,85,83,Pumpkin,,,,,,,,,,,,,,,
368,77,110,6.2,25,58.9,90,142,Pumpkin,,,,,,,,,,,,,,,
246,83,115,6.6,25,59.7,88,117,Pumpkin,,,,,,,,,,,,,,,
222,82,122,6.5,28,62.2,86,98,Pumpkin,,,,,,,,,,,,,,,
162,82,135,6.4,29,65.4,88,116,Pumpkin,,,,,,,,,,,,,,,
371,80,150,6.5,32,58.3,87,95,Pumpkin,,,,,,,,,,,,,,,
182,83,168,6.5,35,59.1,86,136,Pumpkin,,,,,,,,,,,,,,,
223,82,101,6.4,35,66.4,85,106,Pumpkin,,,,,,,,,,,,,,,
153,81,105,6.5,32,67.5,90,118,Pumpkin,,,,,,,,,,,,,,,
372,80,108,6.3,33,61.4,90,97,Pumpkin,,,,,,,,,,,,,,,
280,84,114,6.3,29,62.5,88,116,Pumpkin,,,,,,,,,,,,,,,
226,88,124,6.3,26,66,90,138,Pumpkin,,,,,,,,,,,,,,,
155,82,131,6.5,30,64.7,88,139,Pumpkin,,,,,,,,,,,,,,,
370,76,152,6.4,27,59.6,85,143,Pumpkin,,,,,,,,,,,,,,,
294,85,167,6.5,33,63.9,90,111,Pumpkin,,,,,,,,,,,,,,,
225,84,120,6.4,20,60.6,86,135,Pumpkin,,,,,,,,,,,,,,,
162,80,137,6.6,31,67.2,87,134,Pumpkin,,,,,,,,,,,,,,,
366,79,146,6.4,24,58,87,94,Pumpkin,,,,,,,,,,,,,,,
244,80,162,6.5,25,59.9,90,140,Pumpkin,,,,,,,,,,,,,,,
226,84,128,6.3,29,64.6,90,91,Pumpkin,,,,,,,,,,,,,,,
161,85,138,6.5,31,64.1,88,91,Pumpkin,,,,,,,,,,,,,,,
373,83,151,6.3,31,64.8,88,93,Pumpkin,,,,,,,,,,,,,,,
297.8,82,160,6.2,30,65.6,85,115,Pumpkin,,,,,,,,,,,,,,,
222,81,105,6.2,32,60.2,89,148,Pumpkin,,,,,,,,,,,,,,,
152,82,104,6.3,35,58.3,86,84,Pumpkin,,,,,,,,,,,,,,,
370,82,112,6.4,20,64.2,88,87,Pumpkin,,,,,,,,,,,,,,,
211,83,117,6.4,33,58.2,85,120,Pumpkin,,,,,,,,,,,,,,,
151,47,30,6.6,22,66.6,87,150,Pumpkin,,,,,,,,,,,,,,,
175,49,46,6.4,29,64.4,86,99,Pumpkin,,,,,,,,,,,,,,,
315,50,59,6.6,29,62.2,85,92,Pumpkin,,,,,,,,,,,,,,,
192,53,75,6.4,31,59.3,90,110,Pumpkin,,,,,,,,,,,,,,,
224,83,120,6.3,28,66.3,86,107,Pumpkin,,,,,,,,,,,,,,,
156,83,124,6.4,23,62.2,88,143,Pumpkin,,,,,,,,,,,,,,,
368,79,148,6.3,33,65.4,88,145,Pumpkin,,,,,,,,,,,,,,,
294,81,164,6.6,31,61.4,89,85,Pumpkin,,,,,,,,,,,,,,,
219,81,122,6.5,27,63.4,87,99,Pumpkin,,,,,,,,,,,,,,,
153,79,136,6.4,28,64.5,87,108,Pumpkin,,,,,,,,,,,,,,,
160,50,31,4.6,30,70,85,87,Tomato,,,,,,,,,,,,,,,
271,53,46,4.4,20,67.6,90,114,Tomato,,,,,,,,,,,,,,,
351,56,60,4.4,24,69.9,85,91,Tomato,,,,,,,,,,,,,,,
149,65,77,4.7,32,72.1,87,115,Tomato,,,,,,,,,,,,,,,
155,48,29,4.7,25,70.9,93,109,Tomato,,,,,,,,,,,,,,,
256,49,38,4.7,35,67.3,86,100,Tomato,,,,,,,,,,,,,,,
326,49,47,4.4,33,65.3,95,112,Tomato,,,,,,,,,,,,,,,
151,55,59,4.7,27,70,92,85,Tomato,,,,,,,,,,,,,,,
169,51,48,4.6,28,74.8,92,92,Tomato,,,,,,,,,,,,,,,
296,56,97,4.7,20,70.6,85,120,Tomato,,,,,,,,,,,,,,,
393,61,145,4.6,27,71.1,85,88,Tomato,,,,,,,,,,,,,,,
152,72,196,4.8,23,74.6,92,92,Tomato,,,,,,,,,,,,,,,
160,48,40,4.5,35,67.1,92,118,Tomato,,,,,,,,,,,,,,,
271,49,73,4.7,32,74,88,98,Tomato,,,,,,,,,,,,,,,
351,54,102,4.7,21,68.4,95,104,Tomato,,,,,,,,,,,,,,,
162,55,140,4.7,34,65.6,87,92,Tomato,,,,,,,,,,,,,,,
160,50,31,4.4,23,66.6,93,113,Tomato,,,,,,,,,,,,,,,
271,53,46,4.7,26,71.2,87,80,Tomato,,,,,,,,,,,,,,,
351,56,60,4.6,21,74.6,93,94,Tomato,,,,,,,,,,,,,,,
176,65,77,4.7,35,70.9,87,106,Tomato,,,,,,,,,,,,,,,
155,48,29,4.7,25,72.4,90,98,Tomato,,,,,,,,,,,,,,,
256,49,38,4.5,26,68.2,91,87,Tomato,,,,,,,,,,,,,,,
326,49,47,4.4,34,70.9,94,114,Tomato,,,,,,,,,,,,,,,
167,55,59,4.8,33,68.1,93,119,Tomato,,,,,,,,,,,,,,,
163,50,34,4.5,29,71.7,91,104,Tomato,,,,,,,,,,,,,,,
278,53,53,4.4,30,65.5,90,89,Tomato,,,,,,,,,,,,,,,
363,56,72,4.7,34,69.6,91,99,Tomato,,,,,,,,,,,,,,,
161,65,94,4.6,32,74.2,89,117,Tomato,,,,,,,,,,,,,,,
160,48,34,4.8,34,65.3,93,84,Tomato,,,,,,,,,,,,,,,
270,48,53,4.6,32,72,94,117,Tomato,,,,,,,,,,,,,,,
350,48,72,4.7,21,67.6,88,100,Tomato,,,,,,,,,,,,,,,
154,54,94,4.7,32,71.8,86,116,Tomato,,,,,,,,,,,,,,,
166,71,60,4.6,31,70.4,90,114,Tomato,,,,,,,,,,,,,,,
280,68,72,4.5,34,73.8,92,106,Tomato,,,,,,,,,,,,,,,
364.5,65,83,4.7,20,70.4,95,89,Tomato,,,,,,,,,,,,,,,
169,65.5,65,4.6,29,74.9,86,100,Tomato,,,,,,,,,,,,,,,
160,48,40,4.6,22,73.3,87,89,Tomato,,,,,,,,,,,,,,,
239,39,42,4.5,22,66.9,89,84,Tomato,,,,,,,,,,,,,,,
336,44,91,4.6,27,68.6,94,88,Tomato,,,,,,,,,,,,,,,
168,55,142,4.6,24,71.9,89,108,Tomato,,,,,,,,,,,,,,,
163,50,34,4.7,33,71.1,95,120,Tomato,,,,,,,,,,,,,,,
278,53,53,4.7,27,68.6,90,80,Tomato,,,,,,,,,,,,,,,
363,56,72,4.5,21,66.2,94,95,Tomato,,,,,,,,,,,,,,,
162,65,64,4.7,28,67.2,90,89,Tomato,,,,,,,,,,,,,,,
158,49,32,4.6,21,67.1,87,89,Tomato,,,,,,,,,,,,,,,
275,52,49,4.6,31,71.3,86,111,Tomato,,,,,,,,,,,,,,,
348,54,67,4.7,31,68.1,87,93,Tomato,,,,,,,,,,,,,,,
174,63,79,4.6,25,69.8,86,118,Tomato,,,,,,,,,,,,,,,
150,47,28,4.7,22,67.8,92,90,Tomato,,,,,,,,,,,,,,,
259,50,39,4.5,35,72,89,114,Tomato,,,,,,,,,,,,,,,
329,50,45,4.4,32,72.5,87,117,Tomato,,,,,,,,,,,,,,,
159,54,60,4.5,28,74.5,88,83,Tomato,,,,,,,,,,,,,,,
166,52,47,4.5,27,71.7,85,88,Tomato,,,,,,,,,,,,,,,
289,55,96,4.7,28,67.7,89,100,Tomato,,,,,,,,,,,,,,,
395,63,144,4.6,24,74.3,89,91,Tomato,,,,,,,,,,,,,,,
158,73,198,4.8,24,71.6,91,113,Tomato,,,,,,,,,,,,,,,
162,49,39,4.4,26,70.5,94,119,Tomato,,,,,,,,,,,,,,,
270,48,72,4.6,20,68.8,88,87,Tomato,,,,,,,,,,,,,,,
346,55,103,4.7,20,66.4,91,112,Tomato,,,,,,,,,,,,,,,
150,57,139,4.6,33,67.2,89,116,Tomato,,,,,,,,,,,,,,,
162,49,30,4.5,31,65.8,86,96,Tomato,,,,,,,,,,,,,,,
273,52,45,4.6,22,73.8,88,88,Tomato,,,,,,,,,,,,,,,
353,57,62,4.5,24,68.6,92,88,Tomato,,,,,,,,,,,,,,,
146,67,78,4.7,20,70.8,87,114,Tomato,,,,,,,,,,,,,,,
153,47,28,4.7,20,72.1,89,89,Tomato,,,,,,,,,,,,,,,
258,48,36,4.7,22,69.2,88,85,Tomato,,,,,,,,,,,,,,,
328,49,48,4.8,22,67.5,93,97,Tomato,,,,,,,,,,,,,,,
174,56,61,4.4,32,66,87,86,Tomato,,,,,,,,,,,,,,,
164,51,35,4.5,35,74.3,86,103,Tomato,,,,,,,,,,,,,,,
280,54,55,4.5,25,74.8,88,109,Tomato,,,,,,,,,,,,,,,
360,57,74,4.7,34,67.4,95,90,Tomato,,,,,,,,,,,,,,,
165,66,93,4.5,25,66,94,117,Tomato,,,,,,,,,,,,,,,
161,48,35,4.4,26,74.5,90,91,Tomato,,,,,,,,,,,,,,,
268,49,54,4.7,20,67.6,89,113,Tomato,,,,,,,,,,,,,,,
352,50,70,4.7,23,72.3,95,106,Tomato,,,,,,,,,,,,,,,
164,53,95,4.4,31,68,90,86,Tomato,,,,,,,,,,,,,,,
168,72,62,4.6,23,73.7,92,94,Tomato,,,,,,,,,,,,,,,
278,70,74,4.6,26,65.9,85,116,Tomato,,,,,,,,,,,,,,,
365,67,82,4.6,24,72,95,86,Tomato,,,,,,,,,,,,,,,
173,66,66,4.4,33,69.6,92,119,Tomato,,,,,,,,,,,,,,,
159,47,38,4.8,32,68.1,91,100,Tomato,,,,,,,,,,,,,,,
240,40,43,4.5,28,71.7,86,89,Tomato,,,,,,,,,,,,,,,
337,45,90,4.4,33,65.5,94,94,Tomato,,,,,,,,,,,,,,,
169,54,144,4.7,32,69.6,91,106,Tomato,,,,,,,,,,,,,,,
165,50,36,4.6,35,74.2,88,89,Tomato,,,,,,,,,,,,,,,
279,53,52,4.8,25,65.3,85,119,Tomato,,,,,,,,,,,,,,,
362,55,71,4.6,35,72,90,109,Tomato,,,,,,,,,,,,,,,
155,66,65,4.7,31,67.6,88,107,Tomato,,,,,,,,,,,,,,,
161,49,31,4.7,31,71.8,92,90,Tomato,,,,,,,,,,,,,,,
274,52,47,4.6,24,70.4,93,118,Tomato,,,,,,,,,,,,,,,
351,56,63,4.5,23,73.8,94,91,Tomato,,,,,,,,,,,,,,,
155,64,75,4.7,33,70.4,89,92,Tomato,,,,,,,,,,,,,,,
154,46,29,4.6,21,74.9,93,114,Tomato,,,,,,,,,,,,,,,
253,50,37,4.6,23,73.3,86,83,Tomato,,,,,,,,,,,,,,,
324,48,46,4.5,21,66.9,89,101,Tomato,,,,,,,,,,,,,,,
165,53,58,4.6,31,68.6,95,95,Tomato,,,,,,,,,,,,,,,
167,52,49,4.6,29,71.9,93,114,Tomato,,,,,,,,,,,,,,,
292,55,98,4.7,23,71.1,90,108,Tomato,,,,,,,,,,,,,,,
389,61,141,4.7,22,68.6,94,110,Tomato,,,,,,,,,,,,,,,
162,71,197,4.5,23,66.2,85,85,Tomato,,,,,,,,,,,,,,,
159,48,38,4.6,21,70,94,98,Tomato,,,,,,,,,,,,,,,
271,50,75,4.4,20,67.6,87,98,Tomato,,,,,,,,,,,,,,,
348,54,102,4.4,24,69.9,90,107,Tomato,,,,,,,,,,,,,,,
150,56,143,4.7,24,72.1,88,115,Tomato,,,,,,,,,,,,,,,
162,51,32,4.7,25,70.9,91,87,Tomato,,,,,,,,,,,,,,,
272,52,46,4.7,34,67.3,92,100,Tomato,,,,,,,,,,,,,,,
354,55,63,4.4,22,65.3,94,107,Tomato,,,,,,,,,,,,,,,
171,64,79,4.7,25,70,90,117,Tomato,,,,,,,,,,,,,,,
150,47,28,4.6,29,74.8,90,84,Tomato,,,,,,,,,,,,,,,
255,50,35,4.7,31,70.6,95,95,Tomato,,,,,,,,,,,,,,,
329,51,49,4.6,24,71.1,95,116,Tomato,,,,,,,,,,,,,,,
157,55,59,4.8,34,74.6,89,114,Tomato,,,,,,,,,,,,,,,
164,51,36,4.5,23,67.1,90,89,Tomato,,,,,,,,,,,,,,,
281,53,54,4.7,22,74,94,107,Tomato,,,,,,,,,,,,,,,
357,58,73,4.7,27,68.4,94,86,Tomato,,,,,,,,,,,,,,,
152,67,92,4.7,23,65.6,90,96,Tomato,,,,,,,,,,,,,,,
158,48,34,4.4,21,66.6,88,109,Tomato,,,,,,,,,,,,,,,
270,49,56,4.7,34,71.2,94,95,Tomato,,,,,,,,,,,,,,,
350,51,69,4.6,29,74.6,88,117,Tomato,,,,,,,,,,,,,,,
176,54,96,4.7,27,70.9,86,84,Tomato,,,,,,,,,,,,,,,
167,70,59,4.7,34,72.4,87,116,Tomato,,,,,,,,,,,,,,,
281,69,73,4.5,33,68.2,89,109,Tomato,,,,,,,,,,,,,,,
363,66,85,4.4,35,70.9,94,111,Tomato,,,,,,,,,,,,,,,
170,67,67,4.8,28,68.1,86,97,Tomato,,,,,,,,,,,,,,,
157,47,39,4.5,29,71.7,92,115,Tomato,,,,,,,,,,,,,,,
238,41,43,4.4,29,65.5,95,108,Tomato,,,,,,,,,,,,,,,
332,46,88,4.7,21,69.6,90,117,Tomato,,,,,,,,,,,,,,,
174,56,141,4.6,31,74.2,86,115,Tomato,,,,,,,,,,,,,,,
160,50,37,4.8,31,65.3,93,92,Tomato,,,,,,,,,,,,,,,
276,52,52,4.6,22,72,89,99,Tomato,,,,,,,,,,,,,,,
360,54,70,4.7,23,67.6,92,90,Tomato,,,,,,,,,,,,,,,
171,65,63,4.7,24,71.8,86,106,Tomato,,,,,,,,,,,,,,,
161,49,32,4.6,27,70.4,93,99,Tomato,,,,,,,,,,,,,,,
277,54,50,4.5,29,73.8,85,96,Tomato,,,,,,,,,,,,,,,
355,57,66,4.7,25,70.4,95,114,Tomato,,,,,,,,,,,,,,,
176,62,76,4.6,35,74.9,95,110,Tomato,,,,,,,,,,,,,,,
155,48,28,4.6,21,73.3,85,106,Tomato,,,,,,,,,,,,,,,
259,49,37,4.5,31,66.9,87,97,Tomato,,,,,,,,,,,,,,,
327,48,47,4.6,24,68.6,92,116,Tomato,,,,,,,,,,,,,,,
159,52,60,4.6,33,71.9,85,95,Tomato,,,,,,,,,,,,,,,
165,52,46,4.7,28,71.1,92,93,Tomato,,,,,,,,,,,,,,,
294,56,95,4.7,23,68.6,93,107,Tomato,,,,,,,,,,,,,,,
390,62,143,4.5,33,66.2,93,99,Tomato,,,,,,,,,,,,,,,
172,70,194,4.7,25,67.2,85,86,Tomato,,,,,,,,,,,,,,,
163,49,41,4.6,29,67.1,95,102,Tomato,,,,,,,,,,,,,,,
273,50,70,4.6,29,71.3,93,95,Tomato,,,,,,,,,,,,,,,
347,55,101,4.7,34,68.1,92,89,Tomato,,,,,,,,,,,,,,,
169,57,137,4.6,21,69.8,92,103,Tomato,,,,,,,,,,,,,,,
163,50,33,4.7,26,67.8,86,88,Tomato,,,,,,,,,,,,,,,
275,51,44,4.5,26,72,93,111,Tomato,,,,,,,,,,,,,,,
160,46,36,6.5,32,60,14,77,Wheat,,,,,,,,,,,,,,,
172,43,61,6.4,19,58.6,21,67,Wheat,,,,,,,,,,,,,,,
351,39,85,6.5,20,60.1,23,56,Wheat,,,,,,,,,,,,,,,
257,41,112,6.3,17,64.3,22,83,Wheat,,,,,,,,,,,,,,,
148,45,27,6.4,24,60.4,14,53,Wheat,,,,,,,,,,,,,,,
170,38,34,6.4,33,63.6,20,56,Wheat,,,,,,,,,,,,,,,
288,31,40,6.3,22,62.5,12,87,Wheat,,,,,,,,,,,,,,,
268,30,49,6.4,33,55.7,21,59,Wheat,,,,,,,,,,,,,,,
160,48,35,6.3,18,57.1,17,77,Wheat,,,,,,,,,,,,,,,
161,47,56,6.6,29,55.4,21,83,Wheat,,,,,,,,,,,,,,,
350,46,77,6.4,26,64.3,16,68,Wheat,,,,,,,,,,,,,,,
255,51,101,6.7,33,61,20,52,Wheat,,,,,,,,,,,,,,,
154,46,31,6.5,33,61.4,16,86,Wheat,,,,,,,,,,,,,,,
157,43,44,6.6,15,62.4,14,56,Wheat,,,,,,,,,,,,,,,
321,39,57,6.4,29,59.3,16,61,Wheat,,,,,,,,,,,,,,,
290.1,41,74,6.3,34,63,20,85,Wheat,,,,,,,,,,,,,,,
160,46,36,6.3,35,56.6,12,55,Wheat,,,,,,,,,,,,,,,
153,43,61,6.4,30,63.1,25,50,Wheat,,,,,,,,,,,,,,,
351,39,85,6.4,28,58,17,85,Wheat,,,,,,,,,,,,,,,
187.6,41,112,6.7,19,61.5,13,75,Wheat,,,,,,,,,,,,,,,
148,45,27,6.6,34,61.7,14,66,Wheat,,,,,,,,,,,,,,,
146,38,34,6.4,15,61.2,23,64,Wheat,,,,,,,,,,,,,,,
288,31,40,6.3,22,61.6,25,60,Wheat,,,,,,,,,,,,,,,
267.9,30,49,6.5,20,57.3,21,87,Wheat,,,,,,,,,,,,,,,
160,47,36,6.5,26,60.6,15,71,Wheat,,,,,,,,,,,,,,,
167,45,60,6.5,32,60.5,25,70,Wheat,,,,,,,,,,,,,,,
350,43,84,6.4,35,64.1,21,83,Wheat,,,,,,,,,,,,,,,
190.3,47,111,6.5,15,64,23,70,Wheat,,,,,,,,,,,,,,,
148,45,27,6.7,15,60.5,19,51,Wheat,,,,,,,,,,,,,,,
175,38,33,6.3,20,61,12,66,Wheat,,,,,,,,,,,,,,,
288,31,39,6.3,35,58.5,22,65,Wheat,,,,,,,,,,,,,,,
199.2,30,48,6.7,27,56.3,24,52,Wheat,,,,,,,,,,,,,,,
160,48,35,6.6,25,60.5,20,54,Wheat,,,,,,,,,,,,,,,
148,34,25,6.4,29,64.1,18,74,Wheat,,,,,,,,,,,,,,,
288,31,40,6.5,27,64,14,68,Wheat,,,,,,,,,,,,,,,
191,30,49,6.4,21,63.7,13,86,Wheat,,,,,,,,,,,,,,,
163,68,62,6.6,27,55.3,13,73,Wheat,,,,,,,,,,,,,,,
153,60,79,6.5,20,56.4,17,73,Wheat,,,,,,,,,,,,,,,
351.5,53,95,6.5,29,58.6,25,87,Wheat,,,,,,,,,,,,,,,
265,47.5,112,6.6,27,55.7,12,62,Wheat,,,,,,,,,,,,,,,
151,66,53,6.7,30,60.1,25,52,Wheat,,,,,,,,,,,,,,,
154,49,52,6.4,21,56.1,23,75,Wheat,,,,,,,,,,,,,,,
288,31,40,6.3,29,64.4,19,81,Wheat,,,,,,,,,,,,,,,
224.8,30,49,6.4,17,56.6,24,66,Wheat,,,,,,,,,,,,,,,
160,48,35,6.5,32,56.7,14,66,Wheat,,,,,,,,,,,,,,,
162,34,25,6.7,29,58,17,79,Wheat,,,,,,,,,,,,,,,
293,31,38,6.6,19,64.8,12,61,Wheat,,,,,,,,,,,,,,,
227,33,54,6.7,30,58.6,13,81,Wheat,,,,,,,,,,,,,,,
370,78,109,6.4,33,57.5,25,61,Wheat,,,,,,,,,,,,,,,
162,75,75,6.6,32,57.4,15,78,Wheat,,,,,,,,,,,,,,,
220,77,61,6.3,30,64.6,24,62,Wheat,,,,,,,,,,,,,,,
350,63,74,6.4,17,55.4,22,80,Wheat,,,,,,,,,,,,,,,
290,65,65,6.6,28,56.7,23,57,Wheat,,,,,,,,,,,,,,,
172,67,56,6.3,26,56.9,24,51,Wheat,,,,,,,,,,,,,,,
160,47,36,6.6,32,59.8,14,71,Wheat,,,,,,,,,,,,,,,
270,45,60,6.3,16,61.2,12,70,Wheat,,,,,,,,,,,,,,,
350,44,84,6.4,24,61,17,57,Wheat,,,,,,,,,,,,,,,
152,47,111,6.6,27,63.1,25,85,Wheat,,,,,,,,,,,,,,,
148,45,27,6.6,35,63.9,23,82,Wheat,,,,,,,,,,,,,,,
233,34,33,6.4,30,55.6,21,83,Wheat,,,,,,,,,,,,,,,
288,31,39,6.4,20,64.2,25,51,Wheat,,,,,,,,,,,,,,,
152,30,48,6.7,20,56.3,16,64,Wheat,,,,,,,,,,,,,,,
158,48,34,6.4,23,56.6,17,66,Wheat,,,,,,,,,,,,,,,
266,46,58,6.6,18,62.2,13,53,Wheat,,,,,,,,,,,,,,,
352,45,81,6.4,21,59.4,17,50,Wheat,,,,,,,,,,,,,,,
176,50,100,6.6,32,61.6,12,55,Wheat,,,,,,,,,,,,,,,
150,44,28,6.4,16,57.1,21,68,Wheat,,,,,,,,,,,,,,,
230,39,32,6.7,30,62.5,23,50,Wheat,,,,,,,,,,,,,,,
287,30,41,6.6,21,55.4,19,54,Wheat,,,,,,,,,,,,,,,
159,31,50,6.5,15,58.8,19,55,Wheat,,,,,,,,,,,,,,,
159,47,36,6.4,28,58.9,20,61,Wheat,,,,,,,,,,,,,,,
272,44,59,6.5,17,56.5,16,80,Wheat,,,,,,,,,,,,,,,
348,42,78,6.4,17,56.3,24,67,Wheat,,,,,,,,,,,,,,,
163,49,105,6.5,19,56.1,17,57,Wheat,,,,,,,,,,,,,,,
149,45,29,6.5,24,60.9,14,87,Wheat,,,,,,,,,,,,,,,
234,37,35,6.6,23,57.1,24,50,Wheat,,,,,,,,,,,,,,,
286,32,39,6.6,30,62.3,13,86,Wheat,,,,,,,,,,,,,,,
168,29,47,6.6,33,55.3,21,52,Wheat,,,,,,,,,,,,,,,
160,48,36,6.3,20,55.1,19,54,Wheat,,,,,,,,,,,,,,,
271,43,60,6.6,30,60.5,20,86,Wheat,,,,,,,,,,,,,,,
349,40,82,6.6,25,62.4,20,55,Wheat,,,,,,,,,,,,,,,
169,52,99,6.4,27,59.3,20,67,Wheat,,,,,,,,,,,,,,,
155,47,30,6.3,19,63,21,86,Wheat,,,,,,,,,,,,,,,
255,42,43,6.3,23,56.6,20,82,Wheat,,,,,,,,,,,,,,,
323,38,58,6.4,15,63.1,12,57,Wheat,,,,,,,,,,,,,,,
149,42,72,6.4,21,58,20,66,Wheat,,,,,,,,,,,,,,,
162,47,35,6.7,28,61.5,23,58,Wheat,,,,,,,,,,,,,,,
269,45,62,6.6,17,61.7,13,83,Wheat,,,,,,,,,,,,,,,
352,44,86,6.4,26,61.2,24,87,Wheat,,,,,,,,,,,,,,,
146,48,108,6.3,20,61.6,18,51,Wheat,,,,,,,,,,,,,,,
153,46,29,6.5,32,57.3,25,72,Wheat,,,,,,,,,,,,,,,
232,37,36,6.5,24,60.6,23,69,Wheat,,,,,,,,,,,,,,,
289,30,41,6.5,22,60.5,14,66,Wheat,,,,,,,,,,,,,,,
152,29,46,6.4,16,64.1,18,64,Wheat,,,,,,,,,,,,,,,
159,46,35,6.5,25,64,13,54,Wheat,,,,,,,,,,,,,,,
271,45,59,6.7,24,60.5,22,76,Wheat,,,,,,,,,,,,,,,
350,41,83,6.3,17,61,18,83,Wheat,,,,,,,,,,,,,,,
162,53,103,6.3,19,58.5,12,64,Wheat,,,,,,,,,,,,,,,
147,46,28,6.7,25,56.3,15,75,Wheat,,,,,,,,,,,,,,,
233,39,32,6.6,26,60.5,23,62,Wheat,,,,,,,,,,,,,,,
287,30,40,6.5,33,60,17,73,Wheat,,,,,,,,,,,,,,,
175,29,49,6.4,26,58.6,16,67,Wheat,,,,,,,,,,,,,,,
162,47,34,6.5,23,60.1,17,82,Wheat,,,,,,,,,,,,,,,
270,46,60,6.3,33,64.3,22,81,Wheat,,,,,,,,,,,,,,,
353,44,82,6.4,31,60.4,17,64,Wheat,,,,,,,,,,,,,,,
162,50,107,6.4,26,63.6,14,53,Wheat,,,,,,,,,,,,,,,
149,46,26,6.3,33,62.5,23,73,Wheat,,,,,,,,,,,,,,,
236,38,33,6.4,20,55.7,18,60,Wheat,,,,,,,,,,,,,,,
285,31,39,6.3,22,57.1,12,81,Wheat,,,,,,,,,,,,,,,
167,32,48,6.6,24,55.4,14,52,Wheat,,,,,,,,,,,,,,,
161,49,36,6.4,19,64.3,23,85,Wheat,,,,,,,,,,,,,,,
268,44,63,6.7,19,61,13,51,Wheat,,,,,,,,,,,,,,,
348,41,81,6.5,32,61.4,17,72,Wheat,,,,,,,,,,,,,,,
176,49,98,6.6,22,62.4,22,81,Wheat,,,,,,,,,,,,,,,
156,45,31,6.4,22,59.3,16,55,Wheat,,,,,,,,,,,,,,,
251,43,45,6.3,35,63,24,68,Wheat,,,,,,,,,,,,,,,
322,40,56,6.3,30,56.6,22,62,Wheat,,,,,,,,,,,,,,,
164,43,71,6.4,33,63.1,15,63,Wheat,,,,,,,,,,,,,,,
160,47,35,6.4,21,58,15,86,Wheat,,,,,,,,,,,,,,,
272,43,61,6.7,19,61.5,13,68,Wheat,,,,,,,,,,,,,,,
350,40,84,6.6,23,61.7,14,57,Wheat,,,,,,,,,,,,,,,
159,51,106,6.4,25,61.2,14,86,Wheat,,,,,,,,,,,,,,,
150,46,29,6.3,17,61.6,21,55,Wheat,,,,,,,,,,,,,,,
230,38,34,6.5,30,57.3,25,84,Wheat,,,,,,,,,,,,,,,
289,32,42,6.5,30,60.6,23,50,Wheat,,,,,,,,,,,,,,,
169,31,49,6.5,22,60.5,24,73,Wheat,,,,,,,,,,,,,,,
161,46,37,6.4,26,64.1,16,74,Wheat,,,,,,,,,,,,,,,
270,44,58,6.5,15,64,22,61,Wheat,,,,,,,,,,,,,,,
352,42,80,6.7,22,60.5,14,56,Wheat,,,,,,,,,,,,,,,
176,49,101,6.3,33,61,15,55,Wheat,,,,,,,,,,,,,,,
154,47,28,6.3,31,58.5,17,55,Wheat,,,,,,,,,,,,,,,
240,36,35,6.7,26,56.3,15,56,Wheat,,,,,,,,,,,,,,,
288,30,41,6.6,16,60.5,25,77,Wheat,,,,,,,,,,,,,,,
149,30,48,6.4,26,64.1,13,55,Wheat,,,,,,,,,,,,,,,
163,48,36,6.5,26,64,16,82,Wheat,,,,,,,,,,,,,,,
273,45,62,6.4,16,63.7,22,87,Wheat,,,,,,,,,,,,,,,
349,43,87,6.6,25,55.3,16,53,Wheat,,,,,,,,,,,,,,,
175,48,109,6.5,27,56.4,12,50,Wheat,,,,,,,,,,,,,,,
148,45,27,6.5,26,58.6,16,72,Wheat,,,,,,,,,,,,,,,
234,39,34,6.6,29,55.7,21,60,Wheat,,,,,,,,,,,,,,,
287,32,39,6.7,20,60.1,21,83,Wheat,,,,,,,,,,,,,,,
167,31,47,6.4,27,56.1,17,68,Wheat,,,,,,,,,,,,,,,
147,46,28,6.3,35,64.4,17,67,Wheat,,,,,,,,,,,,,,,
233,39,32,6.4,25,56.6,21,83,Wheat,,,,,,,,,,,,,,,
287,30,40,6.5,35,56.7,16,80,Wheat,,,,,,,,,,,,,,,
174,29,49,6.7,34,58,24,87,Wheat,,,,,,,,,,,,,,,
162,47,34,6.6,22,64.8,24,74,Wheat,,,,,,,,,,,,,,,
270,46,60,6.7,29,58.6,20,75,Wheat,,,,,,,,,,,,,,,
353,44,82,6.4,15,57.5,25,51,Wheat,,,,,,,,,,,,,,,
174,50,107,6.6,21,57.4,18,63,Wheat,,,,,,,,,,,,,,,
,,,,,,,,,,,,,,,,,,,,,,,
,,,,,,,,,,,,,,,,,,,,,,,
,,,,,,,,,,,,,,,,,,,,,,,
,,,,,,,,,,,,,,,,,,,,,,,
,,,,,,,,,,,,,,,,,,,,,,,
,,,,,,,,,,,,,,,,,,,,,,,
,,,,,,,,,,,,,,,,,,,,,,,
,,,,,,,,,,,,,,,,,,,,,,,
,,,,,,,,,,,,,,,,,,,,,,,
,,,,,,,,,,,,,,,,,,,,,,,
,,,,,,,,,,,,,,,,,,,,,,,
,,,,,,,,,,,,,,,,,,,,,,,
